name;year;selling_price;km_driven;fuel;seller_type;transmission;owner
Maruti 800 AC;2007;40000;70000;Petrol;Individual;Manual;First Owner
Maruti Wagon R LXI Minor;2007;40000;50000;Petrol;Individual;Manual;First Owner
Datsun RediGO T Option;2017;40000;46000;Petrol;Individual;Manual;First Owner
Maruti Alto LX BSIII;2007;40000;125000;Petrol;Individual;Manual;First Owner
Tata Indigo Grand Petrol;2014;40000;60000;Petrol;Individual;Manual;Second Owner
Chevrolet Sail 1.2 Base;2015;40000;35000;Petrol;Individual;Manual;First Owner
Maruti Alto LXi;2009;50000;100000;Petrol;Individual;Manual;First Owner
Chevrolet Tavera Neo LS B3 - 7(C) seats BSIII;2010;50000;350000;Diesel;Individual;Manual;Second Owner
Hyundai EON Magna Plus;2018;50000;31000;Petrol;Individual;Manual;First Owner
Tata Indigo Classic Dicor;2007;50000;39000;Diesel;Individual;Manual;First Owner
Tata Indica Vista Quadrajet LS;2014;50000;166000;Diesel;Individual;Manual;Fourth & Above Owner
Maruti Swift 1.3 VXi;2006;50000;110000;Petrol;Individual;Manual;Third Owner
Honda Civic 1.8 V AT;2007;50000;54000;Petrol;Individual;Automatic;Second Owner
Hyundai i10 Sportz 1.2;2010;50000;63000;Petrol;Individual;Manual;Second Owner
Hyundai Getz GLS;2005;50000;120000;Petrol;Individual;Manual;Third Owner
Hyundai Santro Xing XO;2007;50000;58000;Petrol;Dealer;Manual;Second Owner
Datsun RediGO 1.0 S;2017;50000;15000;Petrol;Dealer;Manual;Second Owner
Honda Civic 1.8 V AT;2009;50000;63500;Petrol;Dealer;Automatic;First Owner
Maruti SX4 Zxi BSIII;2008;50000;29173;Petrol;Dealer;Manual;First Owner
Mahindra Quanto C8;2012;60000;140000;Diesel;Individual;Manual;Second Owner
Hyundai EON Magna Plus;2012;60000;60000;Petrol;Individual;Manual;First Owner
Renault KWID RXT;2016;60000;25000;Petrol;Individual;Manual;First Owner
Maruti Wagon R DUO LPG;2014;60000;90000;LPG;Individual;Manual;First Owner
Maruti Wagon R LXI;2020;60000;120000;Petrol;Individual;Manual;First Owner
Chevrolet Enjoy 1.3 TCDi LS 8;2015;60000;175000;Diesel;Individual;Manual;First Owner
Chevrolet Spark 1.0 LS;2011;60000;100000;Petrol;Individual;Manual;Third Owner
Honda Brio E MT;2013;60000;70000;Petrol;Individual;Manual;Second Owner
Tata Indigo CR4;2011;60000;155500;Diesel;Individual;Manual;First Owner
Maruti Alto LXi;2012;60000;80000;Petrol;Individual;Manual;Third Owner
Chevrolet Beat LT;2011;60000;90000;Petrol;Individual;Manual;Second Owner
Hyundai Santro Xing XG;2006;60000;110000;Petrol;Individual;Manual;Third Owner
Maruti 800 AC;2007;60000;100000;Petrol;Individual;Manual;Second Owner
Maruti Alto K10 LXI CNG;2020;60000;40000;CNG;Individual;Manual;First Owner
Maruti 800 Std BSII;2004;60000;60000;Petrol;Individual;Manual;Second Owner
Tata Nano LX SE;2013;60000;25000;Petrol;Individual;Manual;First Owner
Maruti Alto LX;2009;60000;60000;Petrol;Individual;Manual;Second Owner
Hyundai i20 Asta;2009;60000;110000;Petrol;Individual;Manual;Second Owner
Maruti Zen D;2003;60000;100000;Diesel;Individual;Manual;Second Owner
Honda City 1.5 EXI;2005;60000;120000;Petrol;Individual;Manual;Second Owner
Maruti SX4 Zxi with Leather BSIII;2007;60000;78380;Petrol;Individual;Manual;First Owner
Ford Figo Diesel Titanium;2010;60000;90000;Diesel;Individual;Manual;Third Owner
Ford Figo Diesel Titanium;2011;60000;90000;Diesel;Individual;Manual;Third Owner
Maruti 800 Std;2013;70000;70000;Petrol;Individual;Manual;First Owner
Ford Figo Petrol Titanium;2015;70000;50000;Petrol;Individual;Manual;Second Owner
Honda Mobilio V i DTEC;2014;70000;150000;Diesel;Individual;Manual;First Owner
Chevrolet Beat Diesel LT;2011;70000;80000;Diesel;Individual;Manual;Second Owner
Maruti Omni MPI STD BSIV;2018;70000;10000;Petrol;Individual;Manual;First Owner
Ford Fiesta Classic 1.4 SXI Duratorq;2006;70000;120000;Diesel;Individual;Manual;Third Owner
Hyundai Santro Xing GL Plus;2013;70000;49000;Petrol;Individual;Manual;First Owner
Tata Sumo GX TC 7 Str BSIII;2006;70000;100000;Diesel;Individual;Manual;Second Owner
Maruti 800 AC;2002;70000;100000;Petrol;Individual;Manual;Second Owner
Honda Jazz S;2009;70000;50000;Petrol;Individual;Manual;First Owner
Tata Sumo SE Plus BSIII;2002;70000;120000;Diesel;Individual;Manual;First Owner
Mahindra Xylo E4;2010;70000;130000;Diesel;Individual;Manual;First Owner
Hyundai i20 1.4 Magna ABS;2009;70000;60000;Diesel;Individual;Manual;Second Owner
Maruti Alto LXi;2007;70000;195000;Petrol;Individual;Manual;First Owner
Maruti Alto LXi;2010;70000;90000;Petrol;Individual;Manual;Second Owner
Hyundai Getz GL;2006;70000;80000;Petrol;Individual;Manual;Third Owner
Maruti Wagon R LX BS IV;2011;70000;155000;Petrol;Individual;Manual;First Owner
Maruti Wagon R LXI Minor;2010;70000;80000;Petrol;Individual;Manual;Second Owner
Maruti Alto 800 VXI;2017;70000;20000;Petrol;Individual;Manual;First Owner
Hyundai i20 Asta (o);2009;70000;50000;Petrol;Individual;Manual;First Owner
Hyundai i20 Asta;2010;70000;110000;Petrol;Individual;Manual;Second Owner
Toyota Etios Liva G;2013;70000;50000;Petrol;Individual;Manual;Second Owner
Maruti Alto 800 LXI;2013;70000;50000;Petrol;Individual;Manual;First Owner
Hyundai EON Magna Plus;2018;70000;30000;Petrol;Individual;Manual;First Owner
Chevrolet Spark 1.0 LT;2012;70000;28000;Petrol;Individual;Manual;First Owner
Hyundai EON 1.0 Kappa Magna Plus;2015;70000;70000;Petrol;Individual;Manual;First Owner
Hyundai i10 Era;2009;70000;50000;Petrol;Individual;Manual;First Owner
Maruti Wagon R LXI;2005;70000;40000;Petrol;Individual;Manual;Second Owner
Chevrolet Beat Diesel LS;2011;70000;50000;Diesel;Individual;Manual;First Owner
Maruti A-Star Vxi;2009;70000;46730;Petrol;Individual;Manual;First Owner
Datsun GO A;2015;70000;40000;Petrol;Individual;Manual;Second Owner
Maruti Zen LXi BSII;2002;70000;80000;Petrol;Individual;Manual;Second Owner
Chevrolet Tavera Neo 3 10 Seats BSIV;2007;70000;120000;Diesel;Individual;Manual;Third Owner
Chevrolet Spark 1.0 LS;2008;80000;35000;Petrol;Individual;Manual;Second Owner
Chevrolet Sail Hatchback LS ABS;2013;80000;120000;Diesel;Individual;Manual;Second Owner
Maruti Ritz VDi;2011;80000;40000;Diesel;Individual;Manual;Second Owner
Hyundai Verna 1.6 CRDI;2011;80000;127500;Diesel;Individual;Manual;Second Owner
Hyundai EON D Lite Plus;2015;80000;40903;Petrol;Dealer;Manual;First Owner
Ford Figo Petrol Titanium;2011;80000;60000;Petrol;Individual;Manual;Third Owner
Maruti Wagon R VXI;2004;80000;46000;Petrol;Individual;Manual;First Owner
Ford Endeavour 4x4 XLT;2004;80000;22288;Diesel;Dealer;Manual;Second Owner
Volkswagen Jetta 2.0 TDI Trendline;2011;80000;180000;Diesel;Individual;Manual;Second Owner
Ford Figo Diesel Titanium;2011;80000;70000;Diesel;Individual;Manual;Second Owner
Honda Brio E MT;2012;80000;85962;Petrol;Dealer;Manual;Second Owner
Maruti Omni E MPI STD BS IV;2018;80000;120000;Petrol;Individual;Manual;First Owner
Honda Brio S Option AT;2012;80000;75000;Petrol;Individual;Automatic;Second Owner
Mahindra Bolero SLX;2011;80000;70000;Diesel;Individual;Manual;Third Owner
Ford Figo 1.2P Ambiente MT;2015;80000;45000;Petrol;Individual;Manual;First Owner
Tata Nano Lx;2011;80000;15000;Petrol;Individual;Manual;First Owner
Tata Indigo LS Dicor;2011;80000;80000;Diesel;Individual;Manual;First Owner
Tata Indica Vista Terra 1.4 TDI;2009;80000;164000;Diesel;Individual;Manual;Second Owner
Maruti Alto LX;2006;80000;124439;Petrol;Individual;Manual;Second Owner
Maruti Zen VXI;2006;80000;77000;Petrol;Individual;Manual;Second Owner
Maruti Swift Dzire VDI;2014;80000;90000;Diesel;Individual;Manual;First Owner
Chevrolet Beat LS;2012;80000;50000;Petrol;Individual;Manual;First Owner
Maruti 800 AC BSII;2001;80000;100000;Petrol;Individual;Manual;Second Owner
Maruti Omni MPI STD BSIV;2018;80000;20000;Petrol;Individual;Manual;First Owner
Hyundai Verna CRDi;2008;80000;90000;Diesel;Individual;Manual;Second Owner
Chevrolet Beat LS;2011;80000;80000;Petrol;Individual;Manual;Second Owner
Tata Indica Vista Quadrajet LX;2011;80000;80000;Diesel;Individual;Manual;First Owner
Hyundai EON Era Plus;2013;80000;24005;Petrol;Individual;Manual;First Owner
Hyundai i10 Era 1.1;2009;80000;120000;Petrol;Individual;Manual;Second Owner
Maruti Swift 1.3 VXi;2005;80000;80000;Petrol;Individual;Manual;First Owner
Maruti Alto LX;2009;80000;120000;Petrol;Individual;Manual;Second Owner
Ford Figo Diesel ZXI;2011;80000;149000;Diesel;Individual;Manual;Second Owner
Maruti Wagon R LXI BSIII;2005;80000;65000;Petrol;Individual;Manual;Second Owner
Maruti Swift Ldi BSIV;2009;80000;100000;Diesel;Individual;Manual;Second Owner
Volkswagen Vento Diesel Highline;2011;80000;65000;Diesel;Individual;Manual;Second Owner
Datsun GO Plus T Option BSIV;2018;80000;19000;Petrol;Individual;Manual;Second Owner
Chevrolet Beat LT;2010;80000;80000;Petrol;Individual;Manual;Second Owner
Maruti Alto K10 VXI Airbag;2015;80000;30000;Petrol;Individual;Manual;First Owner
Hyundai EON LPG Magna Plus;2012;80000;90000;LPG;Individual;Manual;First Owner
Maruti Alto LX;2012;80000;90000;Petrol;Individual;Manual;First Owner
Volkswagen Vento Diesel Highline;2011;80000;65000;Diesel;Individual;Manual;Second Owner
Maruti Swift Vdi BSIII;2010;80000;110000;Diesel;Individual;Manual;Second Owner
Mahindra Bolero DI DX 7 Seater;2007;80000;120000;Diesel;Individual;Manual;First Owner
Hyundai i10 Era 1.1;2009;80000;27633;Petrol;Individual;Manual;First Owner
Hyundai Santro Xing GLS Audio LPG;2012;80000;100000;LPG;Individual;Manual;First Owner
Maruti Swift Ldi BSIII;2009;80000;217871;Diesel;Dealer;Manual;First Owner
Ford Ikon 1.3L Rocam Flair;2006;80000;91086;Petrol;Dealer;Manual;Second Owner
Maruti Ritz LDi;2013;80000;90000;Diesel;Individual;Manual;Third Owner
Mahindra Xylo D2;2009;80000;120000;Diesel;Individual;Manual;Second Owner
Tata Indigo Grand Dicor;2014;80000;120000;Diesel;Individual;Manual;First Owner
Maruti Swift VDI;2007;80000;50000;Diesel;Dealer;Manual;First Owner
Maruti Alto LX;2011;80000;50000;Petrol;Individual;Manual;First Owner
Maruti Wagon R LXI Minor;2007;80000;49000;Petrol;Dealer;Manual;First Owner
Renault KWID RXT;2015;80000;14365;Petrol;Dealer;Manual;First Owner
Tata Indica Vista Quadrajet VX;2012;90000;85000;Diesel;Individual;Manual;First Owner
Tata Indica Vista Aqua 1.4 TDI;2010;90000;120000;Diesel;Individual;Manual;Second Owner
Maruti Zen Estilo LXI BSIII;2008;90000;90000;Petrol;Individual;Manual;Third Owner
Datsun RediGO T Option;2017;90000;50000;Petrol;Individual;Manual;First Owner
Maruti Alto K10 VXI;2016;90000;25000;Petrol;Individual;Manual;First Owner
Maruti Alto LXi;2009;90000;20000;Petrol;Individual;Manual;First Owner
Mahindra Renault Logan 1.4 GLX Petrol;2008;90000;25000;Petrol;Individual;Manual;First Owner
Hyundai i10 Magna LPG;2013;90000;88600;LPG;Individual;Manual;First Owner
Tata Venture EX;2012;90000;80000;Diesel;Individual;Manual;First Owner
Chevrolet Captiva LT;2008;90000;100000;Diesel;Individual;Manual;Fourth & Above Owner
Ford Fiesta Classic 1.4 Duratorq CLXI;2011;90000;186000;Diesel;Individual;Manual;Second Owner
Chevrolet Aveo U-VA 1.2 LS;2010;90000;60000;Petrol;Individual;Manual;First Owner
Hyundai Santro Xing GL PLUS CNG;2007;90000;80000;CNG;Individual;Manual;Third Owner
Hyundai Santro GLS I - Euro I;2001;90000;60000;Petrol;Individual;Manual;Third Owner
Hyundai Verna CRDi;2007;90000;100000;Diesel;Individual;Manual;Fourth & Above Owner
Maruti Alto K10 2010-2014 VXI;2011;90000;90000;Petrol;Individual;Manual;First Owner
Maruti 800 AC;2012;90000;120000;Petrol;Individual;Manual;First Owner
Hyundai Verna CRDi;2008;90000;110000;Diesel;Individual;Manual;Second Owner
Maruti Alto K10 LXI;2015;90000;120000;Petrol;Individual;Manual;Fourth & Above Owner
Maruti Alto 800 VXI;2015;90000;70000;Petrol;Individual;Manual;First Owner
Maruti Ritz LXI;2009;90000;15000;Petrol;Individual;Manual;First Owner
Maruti Alto 800 VXI;2018;90000;5000;Petrol;Individual;Manual;First Owner
Tata Nano LX;2013;90000;27974;Petrol;Individual;Manual;First Owner
Maruti Alto 800 VXI;2018;90000;40000;Petrol;Individual;Manual;First Owner
Maruti Alto 800 LXI;2019;100000;50000;Petrol;Individual;Manual;First Owner
Volkswagen Polo 1.5 TDI Trendline;2011;100000;63657;Diesel;Dealer;Manual;First Owner
Mahindra Verito Vibe 1.5 dCi D4;2013;100000;60000;Diesel;Individual;Manual;First Owner
Maruti SX4 ZDI;2011;100000;90000;Diesel;Individual;Manual;Third Owner
Fiat Grande Punto 1.3 Dynamic (Diesel);2012;100000;100000;Diesel;Individual;Manual;Second Owner
Maruti SX4 Vxi BSIV;2012;100000;100000;Petrol;Individual;Manual;Second Owner
Maruti Wagon R Stingray VXI;2014;100000;75000;Petrol;Individual;Manual;First Owner
Mahindra Quanto C8;2013;100000;25000;Diesel;Individual;Manual;Second Owner
Maruti Wagon R LXI;2011;100000;28481;Petrol;Dealer;Manual;First Owner
Maruti Wagon R LXI;2009;100000;30375;Petrol;Dealer;Manual;First Owner
Hyundai EON 1.0 Era Plus;2012;100000;48000;Petrol;Dealer;Manual;First Owner
Maruti Wagon R AMT VXI;2014;100000;28942;Petrol;Dealer;Automatic;First Owner
Toyota Innova 2.5 G4 Diesel 8-seater;2007;100000;80000;Diesel;Individual;Manual;Second Owner
Maruti Alto 800 VXI;2017;100000;50000;Petrol;Individual;Manual;First Owner
Chevrolet Spark 1.0;2008;100000;100000;Petrol;Individual;Manual;Third Owner
Renault KWID RXL;2016;100000;60000;Petrol;Individual;Manual;Third Owner
Fiat Palio D 1.9 EL PS;2003;100000;35000;Diesel;Individual;Manual;Second Owner
Hyundai EON Magna Plus;2013;100000;205000;Petrol;Individual;Manual;First Owner
Hyundai Verna 1.6 CRDI;2011;100000;125000;Diesel;Individual;Manual;Third Owner
Maruti Alto 800 CNG LXI;2012;100000;97000;CNG;Individual;Manual;Second Owner
Maruti Swift Dzire VXi;2009;100000;60000;Petrol;Individual;Manual;Third Owner
Tata Indigo CR4;2013;100000;60000;Diesel;Individual;Manual;First Owner
Tata Nano Lx;2011;100000;20000;Petrol;Individual;Manual;First Owner
Tata Nano Lx;2011;100000;20000;Petrol;Individual;Manual;First Owner
Ford Figo Petrol Titanium;2010;100000;70000;Petrol;Individual;Manual;First Owner
Tata Zest Revotron 1.2T XE;2016;100000;90000;Petrol;Individual;Manual;First Owner
Tata New Safari DICOR 2.2 EX 4x4;2009;100000;120000;Diesel;Individual;Manual;Second Owner
Maruti Omni MPI STD BSIV;2018;100000;10000;Petrol;Individual;Manual;First Owner
Hyundai i20 Asta 1.4 CRDi (Diesel);2009;100000;72000;Diesel;Individual;Manual;Second Owner
Maruti Zen LXI;1999;100000;70000;Petrol;Individual;Manual;Second Owner
Hyundai Santro LP zipPlus;2001;100000;50000;Petrol;Individual;Manual;Third Owner
Tata Nano LX;2013;100000;40000;Petrol;Individual;Manual;First Owner
Hyundai Getz 1.3 GVS;2010;100000;110000;Petrol;Individual;Manual;First Owner
Hyundai Santro Xing GL Plus;2013;100000;80000;Petrol;Individual;Manual;First Owner
Hyundai Accent GLE CNG;2009;100000;70000;CNG;Individual;Manual;Third Owner
Maruti Zen Estilo LXI BSIII;2007;100000;80000;Petrol;Individual;Manual;Third Owner
Hyundai i10 Magna 1.1;2008;100000;90000;Petrol;Individual;Manual;Third Owner
Hyundai Santro Xing GLS;2009;100000;120000;Petrol;Individual;Manual;First Owner
Hyundai Santro Xing GLS;2009;100000;120000;Petrol;Individual;Manual;First Owner
Tata Indigo CR4;2011;100000;90000;Diesel;Individual;Manual;First Owner
Maruti Alto 800 LXI;2017;100000;50000;Petrol;Individual;Manual;First Owner
Maruti Alto 800 LXI;2016;100000;60000;Petrol;Individual;Manual;First Owner
Tata Nano Std;2011;100000;19000;Petrol;Individual;Manual;First Owner
Chevrolet Tavera LT L1 7 Seats BSIII;2006;100000;200000;Diesel;Individual;Manual;Third Owner
Mahindra Verito 1.5 D2 BSIV;2015;100000;70000;Diesel;Individual;Manual;Second Owner
Maruti Swift VDI;2011;100000;50000;Diesel;Individual;Manual;Second Owner
Maruti Alto LX;2012;100000;19077;Petrol;Individual;Manual;Second Owner
Hyundai EON D Lite;2016;100000;30000;Petrol;Individual;Manual;First Owner
Maruti Alto LXi;2009;100000;80000;Petrol;Individual;Manual;Second Owner
Hyundai EON 1.0 Era Plus;2018;100000;21302;Petrol;Individual;Manual;First Owner
Renault KWID 1.0 RXT Optional;2018;100000;10500;Petrol;Individual;Manual;First Owner
Hyundai i10 Sportz 1.2;2010;100000;60000;Petrol;Individual;Manual;Second Owner
Hyundai Santro Xing XG eRLX Euro III;2006;100000;120000;Petrol;Individual;Manual;Second Owner
Maruti Wagon R LXI BS IV;2010;100000;70000;Petrol;Individual;Manual;First Owner
Maruti Alto 800 LXI;2015;100000;50000;Petrol;Individual;Manual;Second Owner
Maruti SX4 Vxi BSIV;2012;100000;110000;Petrol;Individual;Manual;Second Owner
Chevrolet Beat LT Option;2016;100000;41000;Petrol;Dealer;Manual;First Owner
Hyundai i10 Magna;2012;100000;49824;Petrol;Dealer;Manual;First Owner
Hyundai Santro GS;2005;100000;56580;Petrol;Dealer;Manual;First Owner
Mahindra Renault Logan 1.4 GLX Petrol;2008;110000;90000;Petrol;Individual;Manual;First Owner
Chevrolet Sail Hatchback 1.3 TCDi LT ABS;2014;110000;120000;Diesel;Individual;Manual;First Owner
Hyundai Accent CRDi;2005;110000;120000;Diesel;Individual;Manual;Second Owner
Hyundai Santro Xing XG;2005;110000;120000;Petrol;Individual;Manual;Second Owner
Hyundai EON Magna Plus;2014;110000;42000;Petrol;Individual;Manual;First Owner
Tata Indica Vista TDI LS;2014;110000;25000;Diesel;Individual;Manual;First Owner
Maruti Alto 800 LXI;2014;110000;20000;Petrol;Individual;Manual;First Owner
Hyundai i10 Era 1.1 iTech SE;2011;110000;110000;Petrol;Individual;Manual;Second Owner
Hyundai Santro Xing GLS;2014;110000;50000;Petrol;Individual;Manual;Second Owner
Tata Indica LSI;2006;110000;60000;Petrol;Individual;Manual;Second Owner
Hyundai EON Era Plus;2012;110000;70000;Petrol;Individual;Manual;Third Owner
Hyundai Santro LE zipPlus;2001;110000;70000;Petrol;Individual;Manual;First Owner
Tata Indigo CR4;2013;110000;60000;Diesel;Individual;Manual;First Owner
Maruti Ritz LXI;2009;110000;15000;Petrol;Individual;Manual;First Owner
Maruti Alto LX;2007;110000;52000;Petrol;Individual;Manual;Second Owner
Tata Nano Lx;2011;110000;20000;Petrol;Individual;Manual;First Owner
Hyundai i20 Asta 1.4 CRDi;2013;110000;90000;Diesel;Individual;Manual;First Owner
Tata Indigo LX;2011;110000;60000;Diesel;Individual;Manual;Second Owner
Tata Nano Lx;2011;110000;20000;Petrol;Individual;Manual;First Owner
Maruti Alto LX;2009;110000;60000;Petrol;Individual;Manual;Second Owner
Ford Fiesta 1.5 TDCi Titanium;2011;110000;133564;Diesel;Dealer;Manual;First Owner
Chevrolet Beat Diesel LS;2011;110000;70000;Diesel;Individual;Manual;First Owner
Chevrolet Beat LT Option;2016;110000;41000;Petrol;Dealer;Manual;First Owner
Hyundai i10 Magna;2012;110000;49824;Petrol;Dealer;Manual;First Owner
Hyundai i20 1.4 Magna Executive;2013;110000;52000;Diesel;Dealer;Manual;First Owner
Mahindra Verito 1.5 D4 BSIV;2015;110000;90000;Diesel;Individual;Manual;First Owner
Maruti Eeco 7 Seater Standard BSIV;2018;110000;20000;Petrol;Individual;Manual;First Owner
Hyundai EON 1.0 Era Plus;2017;110000;28838;Petrol;Individual;Manual;First Owner
Tata Indica GLS BS IV;2008;110000;200000;Petrol;Individual;Manual;First Owner
Tata Indica DLS;2006;110000;100000;Diesel;Individual;Manual;First Owner
Maruti Alto 800 LXI Airbag;2014;110000;50000;Petrol;Individual;Manual;First Owner
Mahindra Bolero SLX 2WD;2010;110000;190000;Diesel;Individual;Manual;Fourth & Above Owner
Mahindra Jeep MM 540;2007;110000;100000;Diesel;Individual;Manual;Second Owner
Chevrolet Beat Diesel LS;2012;110000;50000;Diesel;Individual;Manual;First Owner
Maruti Swift LXI;2011;110000;70000;Petrol;Individual;Manual;First Owner
Maruti Alto 800 VXI;2016;110000;60000;Petrol;Individual;Manual;First Owner
Maruti Zen Estilo Sports;2008;110000;120000;Petrol;Individual;Manual;First Owner
Hyundai Santro Xing XL eRLX Euro III;2005;110000;90000;Petrol;Dealer;Manual;Second Owner
Hyundai EON Magna Plus;2015;110000;30000;Petrol;Individual;Manual;First Owner
Tata Indica DLE;2005;110000;100000;Diesel;Individual;Manual;First Owner
Tata Indica DLS;2006;110000;300000;Diesel;Individual;Manual;Second Owner
Tata Indigo LX;2009;110000;110000;Diesel;Individual;Manual;Third Owner
Maruti Omni MPI STD BSIV;2016;110000;120000;Petrol;Individual;Manual;First Owner
Volkswagen Polo Diesel Trendline 1.2L;2010;120000;144000;Diesel;Individual;Manual;Fourth & Above Owner
Maruti Eeco 5 Seater AC BSIV;2017;120000;30000;Petrol;Dealer;Manual;First Owner
Hyundai Verna SX;2007;120000;65000;Petrol;Dealer;Manual;First Owner
Maruti SX4 Celebration Petrol;2012;120000;90000;Petrol;Individual;Manual;Second Owner
Maruti Alto 800 LXI;2018;120000;30000;Petrol;Dealer;Manual;First Owner
Hyundai i10 Magna;2012;120000;40000;Petrol;Dealer;Manual;First Owner
Hyundai EON Magna Plus;2015;120000;32000;Petrol;Dealer;Manual;First Owner
Maruti Alto LX;2011;120000;36000;Petrol;Dealer;Manual;First Owner
Maruti Alto LX;2004;120000;60000;Petrol;Individual;Manual;First Owner
Maruti Wagon R VXI BSIII;2006;120000;60000;Petrol;Individual;Manual;Second Owner
Tata Indica Vista Aura Plus 1.3 Quadrajet;2012;120000;70000;Diesel;Individual;Manual;Second Owner
Maruti Swift Dzire Vdi BSIV;2011;120000;90000;Diesel;Individual;Manual;Fourth & Above Owner
Maruti Wagon R VXI BSIII;2004;120000;80000;Petrol;Individual;Manual;Second Owner
Maruti Swift 1.3 VXi;2006;120000;45000;Petrol;Individual;Manual;First Owner
Maruti Zen LXI;2005;120000;90000;Petrol;Individual;Manual;Second Owner
Maruti Wagon R LXI Minor;2007;120000;120000;Petrol;Individual;Manual;Second Owner
Hyundai EON D Lite Plus;2013;120000;13500;Petrol;Individual;Manual;First Owner
Maruti SX4 Celebration Diesel;2012;120000;120000;Diesel;Individual;Manual;First Owner
Volkswagen Polo Diesel Comfortline 1.2L;2012;120000;120000;Diesel;Individual;Manual;First Owner
Maruti Alto LXi;2009;120000;90246;Petrol;Individual;Manual;Third Owner
Maruti Alto LX BSIII;2008;120000;90000;Petrol;Individual;Manual;Second Owner
Maruti Alto LXi BSIII;2010;120000;40000;Petrol;Individual;Manual;Second Owner
Maruti Gypsy King Hard Top;2000;120000;60000;Petrol;Individual;Manual;Fourth & Above Owner
Tata Manza Club Class Quadrajet90 VX;2013;120000;60400;Diesel;Individual;Manual;First Owner
Hyundai Verna CRDi;2008;120000;70950;Diesel;Individual;Manual;Second Owner
Hyundai i20 Asta 1.4 CRDi;2013;120000;90000;Diesel;Individual;Manual;First Owner
Maruti Alto 800 LXI;2014;120000;25000;Petrol;Individual;Manual;Second Owner
Hyundai Verna CRDi;2009;120000;80000;Diesel;Individual;Manual;Second Owner
Maruti Swift Dzire VDI;2014;120000;107143;Diesel;Individual;Manual;Second Owner
Hyundai Santro Xing GL Plus;2012;120000;50000;Petrol;Individual;Manual;Second Owner
Hyundai i10 Magna 1.2 iTech SE;2011;120000;80000;Petrol;Individual;Manual;Second Owner
Maruti Swift Dzire VDi;2008;120000;82000;Diesel;Individual;Manual;Second Owner
Maruti Zen Estilo 1.1 VXI BSIII;2008;120000;70000;Petrol;Individual;Manual;Second Owner
Maruti A-Star Vxi;2009;120000;70000;Petrol;Individual;Manual;Third Owner
Tata Nano Cx BSIV;2012;120000;35000;Petrol;Individual;Manual;Second Owner
Tata Nano Lx;2011;120000;40000;Petrol;Individual;Manual;First Owner
Hyundai i10 Magna 1.2 iTech SE;2012;120000;60000;Petrol;Individual;Manual;Second Owner
Maruti Alto 800 LXI;2012;120000;90000;Petrol;Individual;Manual;Third Owner
Chevrolet Spark 1.0 LT;2011;120000;60000;Petrol;Individual;Manual;First Owner
Ford Figo Diesel Celebration Edition;2013;120000;65000;Diesel;Individual;Manual;First Owner
Maruti Alto LX;2011;120000;40000;Petrol;Individual;Manual;First Owner
Tata Indica Vista Quadrajet LX;2012;120000;80000;Diesel;Individual;Manual;Third Owner
Tata Indica Vista TDI LS;2010;120000;107500;Diesel;Dealer;Manual;First Owner
Tata Indica Vista TDI LS;2013;120000;135000;Diesel;Dealer;Manual;Second Owner
Maruti Alto LXi;2007;120000;43826;Petrol;Dealer;Manual;Second Owner
Maruti Swift VDI BSIV;2007;120000;112880;Diesel;Dealer;Manual;First Owner
Tata Indica Vista Terra Quadrajet 1.3L;2011;120000;90000;Diesel;Individual;Manual;Third Owner
Renault KWID 1.0 RXT Optional;2017;120000;30300;Petrol;Individual;Manual;First Owner
Maruti Swift Dzire VXi;2009;120000;80659;Petrol;Dealer;Manual;First Owner
Chevrolet Aveo 1.4 LS;2008;120000;81324;Petrol;Dealer;Manual;First Owner
Chevrolet Beat PS;2015;120000;50000;Petrol;Individual;Manual;First Owner
Chevrolet Beat PS;2016;120000;25000;Petrol;Individual;Manual;First Owner
Honda Amaze S i-Dtech;2015;120000;66755;Diesel;Dealer;Manual;First Owner
Maruti Swift VXI BSIII;2009;120000;806599;Petrol;Dealer;Manual;First Owner
Maruti Wagon R VXI Minor ABS;2010;120000;50000;Petrol;Individual;Manual;First Owner
Maruti Omni BSIII 8-STR W/ IMMOBILISER;2008;120000;50000;Petrol;Individual;Manual;Second Owner
Maruti Esteem Vxi - BSIII;2006;120000;60000;Petrol;Individual;Manual;Second Owner
Maruti Alto 800 LXI;2015;120000;15000;Petrol;Individual;Manual;Second Owner
Ford Fiesta 1.6 ZXi Leather;2006;130000;83411;Petrol;Individual;Manual;First Owner
Hyundai Santro Xing XL AT eRLX Euro III;2006;130000;100000;Petrol;Individual;Automatic;Third Owner
Ford Fiesta 1.4 Duratec ZXI;2008;130000;100000;Petrol;Individual;Manual;Third Owner
Maruti Alto 800 LXI;2018;130000;35000;Petrol;Individual;Manual;First Owner
Maruti Wagon R VXI BS IV with ABS;2015;130000;100000;Petrol;Individual;Manual;Third Owner
Maruti Alto LX;2010;130000;88000;Petrol;Individual;Manual;Second Owner
Maruti A-Star Vxi;2009;130000;76000;Petrol;Individual;Manual;Second Owner
Ford Figo Diesel Titanium;2010;130000;100000;Diesel;Individual;Manual;Second Owner
Maruti Alto LX;2012;130000;80000;Petrol;Individual;Manual;Second Owner
Maruti 800 EX;2001;130000;30000;Petrol;Individual;Manual;First Owner
Renault KWID Climber 1.0 AMT;2017;130000;20000;Petrol;Individual;Automatic;First Owner
Maruti Wagon R LXI LPG BSIV;2012;130000;80000;LPG;Individual;Manual;Second Owner
Nissan Micra Diesel XV Premium;2011;130000;90000;Diesel;Individual;Manual;Second Owner
Nissan Micra Diesel XV Premium;2013;130000;13770;Diesel;Individual;Manual;First Owner
Maruti Zen LXi - BS III;2005;130000;34000;Petrol;Dealer;Manual;First Owner
Maruti Alto LXi BSIII;2008;130000;102000;Petrol;Dealer;Manual;First Owner
Maruti Alto K10 2010-2014 VXI;2011;130000;90000;Petrol;Individual;Manual;Second Owner
Maruti Wagon R VXI BSIII;2003;130000;90000;Petrol;Individual;Manual;Second Owner
Maruti Alto LXi;2007;130000;70000;Petrol;Individual;Manual;Second Owner
Honda Civic 1.8 (E) MT;2006;130000;80000;Petrol;Individual;Manual;Second Owner
Maruti Zen Estilo 1.1 LXI BSIII;2007;130000;143000;Petrol;Individual;Manual;Third Owner
Tata Manza ELAN Quadrajet BS IV;2011;130000;100000;Diesel;Individual;Manual;Second Owner
Renault KWID RXL;2016;130000;38000;Petrol;Individual;Manual;First Owner
Honda Brio S MT;2013;130000;50000;Petrol;Individual;Manual;Third Owner
Maruti Esteem Lxi;2005;130000;60000;Petrol;Individual;Manual;Second Owner
Tata Indica Vista Aura 1.2 Safire;2010;130000;120000;Petrol;Individual;Manual;Second Owner
Hyundai EON Era Plus;2013;130000;120000;Petrol;Individual;Manual;First Owner
Maruti Omni MPI STD BSIV;2015;130000;70000;Petrol;Individual;Manual;First Owner
Maruti Alto 800 LXI;2016;130000;52000;Petrol;Individual;Manual;First Owner
Tata Indica Vista Quadrajet VX;2011;130000;28689;Diesel;Individual;Manual;First Owner
Mahindra Jeep MM 775 XDB;2000;130000;50000;Diesel;Individual;Manual;Second Owner
Maruti 800 AC BSIII;2007;130000;90000;Petrol;Individual;Manual;Second Owner
Maruti Zen Estilo LX BSIV;2010;130000;50000;Petrol;Individual;Manual;Third Owner
Maruti 800 DX;2000;130000;60000;Petrol;Individual;Manual;First Owner
Honda City 1.5 GXI;2004;130000;120000;Petrol;Individual;Manual;Second Owner
Mahindra Scorpio 2.6 SLX Turbo 7 Seater;2004;130000;120000;Diesel;Individual;Manual;First Owner
Maruti Alto 800 LXI;2013;130000;87000;Petrol;Individual;Manual;First Owner
Maruti Zen Estilo VXI BSIII;2007;130000;100000;Petrol;Individual;Manual;Second Owner
Chevrolet Beat LT;2012;130000;12000;Petrol;Individual;Manual;First Owner
Hyundai Accent Executive;2010;130000;67000;Petrol;Individual;Manual;Third Owner
Toyota Innova 2.5 E 8 STR;2012;130000;70000;Diesel;Individual;Manual;First Owner
Hyundai i10 Magna 1.2 iTech SE;2011;130000;74500;Petrol;Individual;Manual;Second Owner
Hyundai i20 1.4 CRDi Asta;2011;130000;118700;Diesel;Individual;Manual;Second Owner
Mahindra Scorpio VLX AT 2WD BSIII;2004;130000;223660;Diesel;Individual;Automatic;Third Owner
Toyota Corolla AE;2006;130000;140000;Petrol;Individual;Manual;Second Owner
Maruti Swift Dzire VXi;2011;130000;100000;Petrol;Individual;Manual;Second Owner
Tata Indica DLS;2006;130000;120000;Diesel;Individual;Manual;Fourth & Above Owner
Hyundai i10 Magna LPG;2014;130000;29000;LPG;Individual;Manual;First Owner
Skoda Laura Ambiente 1.9 PD;2007;140000;181000;Diesel;Individual;Manual;Fourth & Above Owner
Maruti Swift Ldi BSIV;2010;140000;149500;Diesel;Individual;Manual;Third Owner
Maruti 800 AC BSIII;2005;140000;20000;Petrol;Individual;Manual;Second Owner
Chevrolet Spark 1.0 LS;2010;140000;45000;Petrol;Individual;Manual;Second Owner
Chevrolet Spark 1.0 LS;2009;140000;44800;Petrol;Individual;Manual;Second Owner
Hyundai Santro Xing XL eRLX Euro III;2006;140000;40000;Petrol;Individual;Manual;Second Owner
Maruti Omni MPI STD BSIV;2014;140000;120000;Petrol;Individual;Manual;Third Owner
Tata Indica Vista Quadrajet LX;2011;140000;10000;Diesel;Individual;Manual;Second Owner
Tata Indica Vista Aqua 1.3 Quadrajet;2011;140000;80000;Diesel;Individual;Manual;Second Owner
Maruti Baleno Vxi;2007;140000;100000;Petrol;Individual;Manual;Second Owner
Tata Indica GLS BS IV;2006;140000;100000;Petrol;Individual;Manual;Second Owner
Maruti Alto LXi;2012;140000;60000;Petrol;Individual;Manual;Second Owner
Tata Indigo GLX;2006;140000;110000;Petrol;Individual;Manual;Second Owner
Tata Indica GLS BS IV;2009;140000;100000;Petrol;Individual;Manual;First Owner
Skoda Rapid 1.6 TDI Elegance;2012;140000;120000;Diesel;Individual;Manual;Second Owner
Maruti Alto LXi BSIII;2010;140000;25000;Petrol;Individual;Manual;First Owner
Maruti Alto K10 LXI;2014;140000;66000;Petrol;Dealer;Manual;First Owner
Chevrolet Aveo 1.4 LT BSIV;2009;140000;48000;Petrol;Individual;Manual;First Owner
Mahindra Quanto C4;2013;140000;100000;Diesel;Individual;Manual;Fourth & Above Owner
Maruti Alto 800 LXI;2016;140000;45000;Petrol;Individual;Manual;Second Owner
Tata Manza Aura (ABS) Safire BS IV;2010;140000;50000;Petrol;Individual;Manual;Second Owner
Maruti Alto LXi BSIII;2008;140000;70000;Petrol;Individual;Manual;Third Owner
Maruti Alto 800 LXI;2019;140000;25880;Petrol;Individual;Manual;First Owner
Maruti Swift Dzire VDi;2009;140000;50000;Diesel;Individual;Manual;First Owner
Maruti Alto K10 LXI;2014;140000;40000;Petrol;Individual;Manual;First Owner
Skoda Laura 1.9 TDI MT Ambiente;2009;140000;100000;Diesel;Individual;Manual;Third Owner
Chevrolet Aveo U-VA 1.2 LS;2009;140000;80000;Petrol;Individual;Manual;Second Owner
Tata Indigo LS BSII;2012;140000;110000;Diesel;Individual;Manual;First Owner
Hyundai Verna CRDi SX ABS;2009;140000;136000;Diesel;Individual;Manual;Second Owner
Maruti Alto LXi;2009;140000;50000;Petrol;Individual;Manual;Second Owner
Maruti Wagon R LXI Minor;2008;140000;30000;Petrol;Individual;Manual;First Owner
Tata Indica Vista Aura 1.3 Quadrajet;2009;140000;90000;Diesel;Individual;Manual;Fourth & Above Owner
Maruti Ritz VDi;2011;140000;90000;Diesel;Individual;Manual;Second Owner
Hyundai Santro Xing GLS;2010;140000;50000;Petrol;Individual;Manual;Second Owner
Maruti A-Star Vxi;2011;140000;70000;Petrol;Individual;Manual;Second Owner
Renault KWID RXT;2016;150000;70000;Petrol;Individual;Manual;Second Owner
Tata Indica Vista Aqua 1.2 Safire BSIV;2010;150000;128000;Petrol;Individual;Manual;First Owner
Tata Indigo CR4;2012;150000;120000;Diesel;Individual;Manual;First Owner
Maruti Swift 1.3 VXi;2009;150000;52536;Petrol;Individual;Manual;First Owner
Honda Civic 1.8 S AT;2006;150000;70000;Petrol;Individual;Automatic;First Owner
Hyundai Santro Xing GLS;2008;150000;85000;Petrol;Individual;Manual;First Owner
Maruti Wagon R LXI BS IV;2010;150000;50000;Petrol;Individual;Manual;First Owner
Maruti Swift 1.3 VXi;2005;150000;118400;Petrol;Individual;Manual;First Owner
Honda Civic 1.8 S MT;2007;150000;70000;Petrol;Individual;Manual;Second Owner
Hyundai i10 Magna;2012;150000;60000;Petrol;Individual;Manual;Second Owner
Maruti Esteem Lxi - BSIII;2007;150000;54000;Petrol;Individual;Manual;First Owner
Volkswagen Vento Diesel Comfortline;2012;150000;97000;Diesel;Individual;Manual;First Owner
Maruti SX4 ZXI AT;2009;150000;120000;Petrol;Individual;Automatic;Second Owner
Chevrolet Beat LT;2016;150000;52000;Petrol;Dealer;Manual;First Owner
Ford Fusion 1.6 Duratec Petrol;2005;150000;100000;Petrol;Individual;Manual;Third Owner
Maruti Esteem Vxi;2005;150000;20000;Petrol;Individual;Manual;Second Owner
Maruti Wagon R VXI BSIII;2005;150000;40000;Petrol;Individual;Manual;Second Owner
Hyundai EON D Lite Plus;2012;150000;70000;Petrol;Individual;Manual;Second Owner
Tata Sumo Victa EX 7/9 Str BSII;2009;150000;120000;Diesel;Individual;Manual;First Owner
Chevrolet Sail Hatchback 1.2 LS;2016;150000;30000;Petrol;Individual;Manual;First Owner
Tata New Safari DICOR 2.2 GX 4x2 BS IV;2012;150000;80000;Diesel;Individual;Manual;Second Owner
Hyundai EON Era Plus;2013;150000;80000;Petrol;Individual;Manual;First Owner
Hyundai EON Magna Plus;2016;150000;80000;Petrol;Individual;Manual;First Owner
Chevrolet Optra Magnum 2.0 LS;2011;150000;120000;Diesel;Individual;Manual;First Owner
Datsun RediGO S;2016;150000;22000;Petrol;Individual;Manual;First Owner
Skoda Fabia 1.2 MPI Ambition Plus;2012;150000;50000;Petrol;Individual;Manual;First Owner
Chevrolet Beat Diesel LT;2012;150000;50000;Diesel;Individual;Manual;First Owner
Maruti Zen Estilo 1.1 LXI BSIII;2007;150000;81366;Petrol;Individual;Manual;First Owner
Maruti Esteem Vxi - BSIII;2006;150000;110000;Petrol;Individual;Manual;First Owner
Toyota Innova 2.5 G (Diesel) 8 Seater BS IV;2006;150000;300000;Diesel;Individual;Manual;First Owner
Renault Fluence 1.5;2012;150000;90000;Diesel;Individual;Manual;First Owner
Renault KWID RXT;2016;150000;53000;Petrol;Individual;Manual;Second Owner
Maruti Alto 800 LXI;2017;150000;30000;Petrol;Individual;Manual;First Owner
Mahindra Jeep CL 500 MDI;1997;150000;120000;Diesel;Individual;Manual;Third Owner
Maruti Wagon R LXI DUO BS IV;2012;150000;60000;LPG;Individual;Manual;First Owner
Maruti Esteem Lxi - BSIII;2007;150000;54000;Petrol;Individual;Manual;First Owner
Maruti Swift 1.3 VXi;2005;150000;67000;Petrol;Individual;Manual;First Owner
Hyundai Santro Xing GLS;2008;150000;100000;Petrol;Individual;Manual;First Owner
Maruti Wagon R LXI;2005;150000;80000;Petrol;Individual;Manual;First Owner
Maruti SX4 VDI;2011;150000;90000;Diesel;Individual;Manual;Third Owner
Chevrolet Aveo 1.4 CNG;2011;150000;100000;CNG;Individual;Manual;First Owner
Ford Figo Diesel EXI;2011;150000;90000;Diesel;Individual;Manual;Third Owner
Datsun RediGO T Option;2017;150000;30000;Petrol;Individual;Manual;First Owner
Maruti Alto LXi;2008;150000;90000;Petrol;Individual;Manual;Second Owner
Maruti Eeco 5 STR With AC Plus HTR CNG;2012;150000;70000;CNG;Individual;Manual;Second Owner
Maruti Alto LXi;2010;150000;36000;Petrol;Individual;Manual;First Owner
Hyundai EON Magna Optional;2015;150000;22000;Petrol;Individual;Manual;First Owner
Maruti Omni 5 Str STD LPG;1998;150000;35000;LPG;Individual;Manual;Second Owner
Maruti 800 DUO AC LPG;2009;150000;50000;LPG;Individual;Manual;Second Owner
Hyundai Accent GLX;2008;150000;60000;Petrol;Individual;Manual;First Owner
Mahindra Quanto C6;2013;150000;60000;Diesel;Individual;Manual;First Owner
Hyundai Santro Xing XK eRLX EuroIII;2007;150000;135000;Petrol;Individual;Manual;Second Owner
Maruti 800 AC BSII;2001;150000;72539;Petrol;Individual;Manual;Second Owner
Maruti Alto 800 LXI;2018;150000;35000;Petrol;Individual;Manual;First Owner
Hyundai EON Magna Optional;2015;150000;20500;Petrol;Individual;Manual;First Owner
Tata Indica Vista Quadrajet LX;2013;150000;200000;Diesel;Individual;Manual;First Owner
Maruti 800 AC;2009;150000;50000;Petrol;Individual;Manual;Fourth & Above Owner
Hyundai Accent GLS;2004;150000;110000;Petrol;Individual;Manual;Second Owner
Tata Indica Vista TDI LS;2013;150000;180000;Diesel;Individual;Manual;Third Owner
Maruti Alto K10 2010-2014 VXI;2010;150000;80000;Petrol;Individual;Manual;Second Owner
Hyundai Getz GLS;2005;150000;70000;Petrol;Individual;Manual;First Owner
Hyundai Santro Xing GL Plus;2008;150000;41723;Petrol;Individual;Manual;Second Owner
Maruti SX4 Vxi BSIV;2010;150000;70000;Petrol;Individual;Manual;First Owner
Maruti Alto K10 LXI;2012;150000;20000;Petrol;Individual;Manual;Second Owner
Tata Indigo CS LX (TDI) BS-III;2015;150000;68745;Diesel;Dealer;Manual;First Owner
Maruti Wagon R LXI;2008;150000;35008;Petrol;Dealer;Manual;First Owner
Hyundai Santro Xing GLS;2009;150000;27005;Petrol;Dealer;Manual;First Owner
Hyundai Santro Xing XG;2004;150000;100005;Petrol;Dealer;Manual;Second Owner
Hyundai EON Era;2014;150000;12000;Petrol;Dealer;Manual;First Owner
Tata Indica Vista TDI LS;2011;150000;43128;Diesel;Dealer;Manual;First Owner
Hyundai i20 Asta;2010;150000;110000;Petrol;Individual;Manual;Second Owner
Maruti Alto LXI;2004;150000;50000;Petrol;Individual;Manual;Second Owner
Hyundai i10 Magna 1.2;2010;150000;60000;Petrol;Individual;Manual;Second Owner
Chevrolet Sail Hatchback 1.2 LS;2015;150000;22255;Petrol;Individual;Manual;First Owner
Honda Civic 1.8 S MT;2007;150000;70000;Petrol;Individual;Manual;Third Owner
Tata Indica DLE;2006;150000;120000;Diesel;Individual;Manual;Second Owner
Tata Indigo LX;2011;150000;60000;Diesel;Individual;Manual;Second Owner
Maruti Swift VDI;2012;150000;80000;Diesel;Individual;Manual;Third Owner
Honda Accord VTi-L (MT);2007;150000;80000;Petrol;Individual;Manual;Second Owner
Hyundai Accent GLX;2006;150000;110000;Petrol;Individual;Manual;Second Owner
Tata Indigo CS LE (TDI) BS-III;2011;150000;115000;Diesel;Individual;Manual;Fourth & Above Owner
Maruti Wagon R LXI BS IV;2013;150000;80000;Petrol;Individual;Manual;First Owner
Tata New Safari 4X4;2007;150000;78771;Diesel;Dealer;Manual;Second Owner
Ford Figo Diesel LXI;2011;150000;76736;Diesel;Dealer;Manual;Second Owner
Maruti Alto LX BSIII;2007;150000;70000;Petrol;Individual;Manual;Second Owner
Maruti Wagon R LXI DUO BSIII;2009;150000;60000;LPG;Individual;Manual;Second Owner
Ford Ikon 1.8 D;2005;150000;92645;Diesel;Dealer;Manual;Fourth & Above Owner
Mahindra Bolero DI;2004;150000;120000;Diesel;Individual;Manual;Fourth & Above Owner
Hyundai i20 Asta 1.2;2012;150000;80000;Petrol;Individual;Manual;First Owner
Maruti Alto 800 LXI;2013;150000;42000;Petrol;Individual;Manual;Third Owner
Volkswagen Polo Diesel Trendline 1.2L;2012;160000;55000;Diesel;Individual;Manual;Second Owner
Maruti Alto LX BSIII;2006;160000;63230;Petrol;Individual;Manual;Second Owner
Mahindra Scorpio 2.6 SLX CRDe;2006;160000;120000;Diesel;Individual;Manual;Second Owner
Maruti Wagon R VXI;2005;160000;100000;Petrol;Individual;Manual;Third Owner
Maruti Swift 1.2 DLX;2015;160000;40000;Petrol;Individual;Manual;First Owner
Maruti Alto 800 LXI;2017;160000;35000;Petrol;Individual;Manual;First Owner
Maruti Ritz VXi;2014;160000;35000;Petrol;Individual;Manual;First Owner
Tata Indigo LS;2008;160000;90000;Diesel;Individual;Manual;First Owner
Tata Indica Vista TDI LX;2013;160000;65000;Diesel;Individual;Manual;First Owner
Tata Indica Vista Quadrajet LS;2012;160000;80000;Diesel;Individual;Manual;Second Owner
Fiat Grande Punto EVO 1.3 Active;2014;160000;50000;Diesel;Individual;Manual;First Owner
Maruti Alto K10 2010-2014 VXI;2012;160000;40000;Petrol;Individual;Manual;First Owner
Volkswagen Polo Diesel Trendline 1.2L;2012;160000;55000;Diesel;Individual;Manual;Second Owner
Maruti 800 Std;2013;160000;70000;Petrol;Individual;Manual;First Owner
Maruti Alto LX BSIII;2006;160000;63230;Petrol;Individual;Manual;Second Owner
Mahindra Scorpio 2.6 SLX CRDe;2006;160000;120000;Diesel;Individual;Manual;Second Owner
Maruti 800 Std BSII;2006;160000;40000;Petrol;Individual;Manual;Second Owner
Maruti Wagon R VXI;2005;160000;100000;Petrol;Individual;Manual;Third Owner
Tata Indica GLS BS IV;2008;160000;110000;Petrol;Individual;Manual;Third Owner
Hyundai Santro Xing XL eRLX Euro III;2005;160000;47000;Petrol;Individual;Manual;First Owner
Hyundai Verna Transform CRDi VGT ABS;2010;160000;120000;Diesel;Individual;Manual;Second Owner
Maruti Swift Ldi BSIII;2008;160000;120000;Diesel;Individual;Manual;First Owner
Maruti Swift Dzire VDi;2012;160000;140000;Diesel;Individual;Manual;Second Owner
Datsun GO T Petrol;2015;160000;92198;Petrol;Dealer;Manual;Second Owner
Chevrolet Beat LT;2013;160000;50000;Petrol;Individual;Manual;First Owner
Maruti Alto LXi;2007;160000;100000;Petrol;Individual;Manual;Second Owner
Renault KWID RXT Optional;2016;160000;23000;Petrol;Individual;Manual;First Owner
Tata Indica Vista Aqua TDI BSIII;2009;160000;30000;Diesel;Individual;Manual;First Owner
Tata Manza Aura Safire;2010;160000;50000;Petrol;Individual;Manual;First Owner
Maruti Ritz VDi;2010;160000;100000;Diesel;Individual;Manual;Second Owner
Maruti Swift Dzire VXi;2011;160000;70000;Petrol;Individual;Manual;Second Owner
Maruti Alto LX;2006;160000;90000;Petrol;Individual;Manual;Second Owner
Mahindra Bolero SLE BSIII;2007;160000;230000;Diesel;Individual;Manual;Second Owner
Tata Indica Vista Quadrajet VX;2012;160000;40000;Diesel;Individual;Manual;First Owner
Renault KWID RXL;2019;160000;15000;Petrol;Individual;Manual;First Owner
Maruti Zen LX;2000;160000;50000;Petrol;Individual;Manual;First Owner
Fiat Punto 1.2 Active;2010;160000;50000;Petrol;Individual;Manual;Second Owner
Hyundai EON Era Plus;2013;160000;35000;Petrol;Individual;Manual;First Owner
Tata New Safari DICOR 2.2 EX 4x2;2010;160000;80000;Diesel;Individual;Manual;First Owner
Maruti Wagon R LXI BSIII;2005;160000;50000;Petrol;Individual;Manual;Second Owner
Maruti Alto LXi BSII;2002;160000;80000;Petrol;Individual;Manual;Fourth & Above Owner
Chevrolet Aveo 1.6 LT;2006;170000;34600;Petrol;Individual;Manual;Third Owner
Mahindra Bolero DI DX 8 Seater;2009;170000;55000;Diesel;Individual;Manual;Second Owner
Maruti Wagon R LXI BS IV;2011;170000;50000;Petrol;Individual;Manual;First Owner
Ford Figo Petrol ZXI;2011;170000;50000;Petrol;Individual;Manual;Third Owner
Maruti Ritz VDi;2011;170000;120000;Diesel;Individual;Manual;First Owner
Hyundai Santro LP zipPlus;2001;170000;50000;Petrol;Individual;Manual;Third Owner
Renault KWID RXT Optional;2016;170000;23000;Petrol;Individual;Manual;First Owner
Hyundai i10 Sportz;2011;170000;50000;Petrol;Individual;Manual;First Owner
Maruti Alto 800 LXI;2014;170000;25000;Petrol;Individual;Manual;Second Owner
Tata Indica Vista Aqua TDI BSIII;2009;170000;30000;Diesel;Individual;Manual;First Owner
Chevrolet Spark 1.0 LS;2010;170000;45000;Petrol;Individual;Manual;Second Owner
Chevrolet Spark 1.0 LS;2009;170000;44800;Petrol;Individual;Manual;Second Owner
Tata Manza Aura Safire;2010;170000;50000;Petrol;Individual;Manual;First Owner
Maruti Ritz VDi;2010;170000;100000;Diesel;Individual;Manual;Second Owner
Tata Manza Club Class Quadrajet90 LS;2014;170000;100000;Diesel;Individual;Manual;First Owner
Maruti Swift Dzire VDI;2016;170000;40000;Diesel;Individual;Manual;Second Owner
Maruti Wagon R VXI Minor;2007;170000;60000;Petrol;Individual;Manual;Third Owner
Chevrolet Beat PS;2014;170000;77000;Petrol;Individual;Manual;First Owner
Hyundai Accent Executive;2011;170000;60000;Petrol;Individual;Manual;First Owner
Tata Manza Aura (ABS) Safire BS IV;2010;170000;77073;Petrol;Individual;Manual;Second Owner
Hyundai i10 Magna LPG;2013;170000;90000;LPG;Individual;Manual;Second Owner
Maruti Alto LX BSIII;2007;170000;100000;Petrol;Individual;Manual;Second Owner
Chevrolet Beat LT;2010;170000;80000;Petrol;Individual;Manual;Second Owner
Maruti Alto K10 VXI;2018;170000;35000;Petrol;Individual;Manual;First Owner
Maruti Alto LXi;2008;170000;70000;Petrol;Individual;Manual;First Owner
Ford Figo Diesel Celebration Edition;2013;170000;120000;Diesel;Individual;Manual;First Owner
Maruti Wagon R LXI Minor;2009;170000;70000;Petrol;Individual;Manual;First Owner
Hyundai Accent GLE;2009;170000;106000;Petrol;Individual;Manual;Third Owner
Maruti Alto 800 CNG LXI Optional;2019;170000;120000;CNG;Individual;Manual;First Owner
Maruti Ritz LXi;2016;170000;160000;Petrol;Individual;Manual;First Owner
Chevrolet Aveo 1.6 LT with ABS;2010;170000;120000;Petrol;Individual;Manual;Second Owner
Hyundai i10 Magna 1.2;2010;170000;90000;Petrol;Individual;Manual;Second Owner
Chevrolet Spark 1.0 LS;2008;170000;70000;Petrol;Individual;Manual;First Owner
Mahindra Bolero SLX;2008;170000;100000;Diesel;Individual;Manual;First Owner
Chevrolet Spark 1.0 LS;2014;180000;70000;Petrol;Individual;Manual;First Owner
Maruti Wagon R Stingray VXI;2014;180000;59059;Petrol;Dealer;Manual;First Owner
Hyundai Accent Executive;2013;180000;70000;Petrol;Individual;Manual;First Owner
Honda Brio S MT;2012;180000;39039;Petrol;Dealer;Manual;First Owner
Hyundai i10 Magna;2009;180000;67067;Petrol;Dealer;Manual;First Owner
Hyundai EON D Lite Plus;2015;180000;30000;Petrol;Individual;Manual;First Owner
Renault KWID RXT;2017;180000;10000;Petrol;Individual;Manual;First Owner
Maruti Swift VDi BSIII W/ ABS;2008;180000;70000;Diesel;Individual;Manual;First Owner
Maruti Omni MPI STD BSIV;2012;180000;90000;Petrol;Individual;Manual;First Owner
Hyundai Accent GLE 1;1999;180000;90000;Petrol;Individual;Manual;Fourth & Above Owner
Hyundai Getz GLX;2005;180000;90000;Petrol;Individual;Manual;Third Owner
Chevrolet Sail Hatchback 1.2 LS;2016;180000;30000;Petrol;Individual;Manual;First Owner
Hyundai EON Magna Plus;2016;180000;80000;Petrol;Individual;Manual;First Owner
Chevrolet Optra Magnum 2.0 LS;2011;180000;120000;Diesel;Individual;Manual;First Owner
Datsun RediGO S;2016;180000;22000;Petrol;Individual;Manual;First Owner
Maruti Zen Estilo VXI BSIV;2011;180000;33000;Petrol;Individual;Manual;First Owner
Maruti A-Star Vxi;2010;180000;40000;Petrol;Individual;Manual;First Owner
Renault KWID 1.0 RXT Optional;2018;180000;10500;Petrol;Individual;Manual;First Owner
Hyundai i10 Sportz 1.2;2010;180000;60000;Petrol;Individual;Manual;Second Owner
Hyundai Santro Xing XG eRLX Euro III;2006;180000;120000;Petrol;Individual;Manual;Second Owner
Maruti Wagon R LXI BS IV;2010;180000;70000;Petrol;Individual;Manual;First Owner
Maruti Alto 800 LXI;2015;180000;50000;Petrol;Individual;Manual;Second Owner
Hyundai Verna SX Diesel;2010;180000;78000;Diesel;Dealer;Manual;Second Owner
Hyundai Verna SX Diesel;2011;180000;72000;Diesel;Dealer;Manual;Third Owner
Tata Nano Cx BSIV;2011;180000;9528;Petrol;Dealer;Manual;First Owner
Hyundai i20 1.2 Sportz;2011;180000;58000;Petrol;Dealer;Manual;Second Owner
Hyundai Accent GLS;2007;180000;76000;Petrol;Dealer;Manual;Third Owner
Maruti Ritz VDi;2009;180000;80000;Diesel;Individual;Manual;Third Owner
Honda Civic 1.8 S MT;2006;180000;120000;Petrol;Individual;Manual;Third Owner
Maruti Omni E MPI STD BS IV;2017;180000;34000;Petrol;Dealer;Manual;First Owner
Chevrolet Beat Diesel PS;2012;180000;58000;Diesel;Dealer;Manual;First Owner
Tata Indigo CS eLX BS IV;2013;180000;50300;Diesel;Individual;Manual;First Owner
Tata Indigo CR4;2011;180000;70000;Diesel;Individual;Manual;Second Owner
Tata Indica Vista TDI LS;2011;180000;60000;Diesel;Individual;Manual;Third Owner
Maruti Swift 1.2 DLX;2015;180000;45000;Petrol;Individual;Manual;First Owner
Maruti Swift VDI BSIV;2011;180000;130000;Diesel;Individual;Manual;Second Owner
Maruti Alto 800 Base;2014;180000;40000;Petrol;Individual;Manual;First Owner
Hyundai Santro AT CNG;2005;180000;110000;CNG;Individual;Manual;Second Owner
Chevrolet Beat LT;2010;180000;70000;Petrol;Individual;Manual;Second Owner
Hyundai Tucson CRDi;2006;180000;170000;Diesel;Individual;Manual;First Owner
Tata Indigo TDI;2008;180000;150000;Diesel;Individual;Manual;Third Owner
Hyundai Santro Xing XG eRLX Euro III;2005;180000;170000;Petrol;Individual;Manual;Third Owner
Hyundai Santro Xing GLS;2010;180000;90000;Petrol;Individual;Manual;Third Owner
Nissan Micra Diesel XV Primo;2012;180000;129000;Diesel;Individual;Manual;First Owner
Mahindra Bolero SLX 2WD;2007;190000;100000;Diesel;Individual;Manual;Second Owner
Renault KWID RXT;2017;190000;50000;Petrol;Individual;Manual;First Owner
Maruti Alto K10 2010-2014 VXI;2011;190000;40000;Petrol;Individual;Manual;First Owner
Chevrolet Aveo U-VA 1.2 LT WO ABS Airbag;2009;190000;38500;Petrol;Individual;Manual;Second Owner
Hyundai i10 Magna;2008;190000;103921;Petrol;Individual;Manual;Second Owner
Ford Figo Diesel Titanium;2010;190000;102307;Diesel;Dealer;Manual;First Owner
Maruti Zen LX;2004;190000;79000;Petrol;Individual;Manual;Second Owner
Renault KWID 1.0 RXT Optional;2018;190000;10500;Petrol;Individual;Manual;First Owner
Maruti Wagon R LXI;2004;190000;90000;Petrol;Individual;Manual;Fourth & Above Owner
Chevrolet Beat Diesel;2012;190000;110000;Diesel;Individual;Manual;First Owner
Chevrolet Beat Diesel LS;2012;190000;50000;Diesel;Individual;Manual;First Owner
Chevrolet Sail Hatchback LT ABS;2013;190000;80000;Diesel;Individual;Manual;First Owner
Honda City 1.3 EXI;2002;190000;100000;Petrol;Individual;Manual;First Owner
Hyundai EON D Lite;2016;190000;30000;Petrol;Individual;Manual;First Owner
Hyundai Getz 1.5 CRDi GVS;2008;190000;154000;Diesel;Individual;Manual;Third Owner
Maruti Swift LXI;2011;190000;70000;Petrol;Individual;Manual;First Owner
Maruti Alto LX BSIII;2008;190000;120000;Petrol;Individual;Manual;Second Owner
Maruti SX4 Vxi BSIV;2012;190000;110000;Petrol;Individual;Manual;Second Owner
Chevrolet Beat LT Option;2016;190000;41000;Petrol;Dealer;Manual;First Owner
Hyundai i10 Magna;2012;190000;49824;Petrol;Dealer;Manual;First Owner
Hyundai Santro GS;2005;190000;56580;Petrol;Dealer;Manual;First Owner
Maruti SX4 Vxi BSIV;2012;190000;110000;Petrol;Individual;Manual;Second Owner
Chevrolet Beat LT Option;2016;190000;41000;Petrol;Dealer;Manual;First Owner
Hyundai i10 Magna;2012;190000;49824;Petrol;Dealer;Manual;First Owner
Hyundai Santro GS;2005;190000;56580;Petrol;Dealer;Manual;First Owner
Chevrolet Spark 1.0 LS;2011;190000;60000;Petrol;Individual;Manual;Second Owner
Hyundai Verna CRDi ABS;2007;200000;80000;Diesel;Individual;Manual;Second Owner
Maruti Alto 800 LXI;2013;200000;25000;Petrol;Individual;Manual;Second Owner
Tata Xenon XT EX 4X2;2014;200000;90000;Diesel;Individual;Manual;First Owner
Maruti Alto 800 LXI;2013;200000;25000;Petrol;Individual;Manual;Second Owner
Maruti Omni 5 Str STD;1998;200000;60000;Petrol;Dealer;Manual;Third Owner
Maruti Wagon R LXI;2005;200000;70000;Petrol;Individual;Manual;Second Owner
Hyundai Santro Xing GLS;2013;200000;60000;Petrol;Individual;Manual;First Owner
Maruti Omni 8 Seater BSII;2015;200000;70000;Petrol;Dealer;Manual;First Owner
Skoda Fabia 1.2L Diesel Ambiente;2010;200000;150000;Diesel;Individual;Manual;First Owner
Tata Manza Club Class Quadrajet90 LX;2013;200000;60000;Diesel;Individual;Manual;First Owner
Maruti Alto K10 LXI;2010;200000;64000;Petrol;Dealer;Manual;First Owner
Toyota Corolla H3;2003;200000;120000;Petrol;Individual;Automatic;Second Owner
Maruti Alto 800 LXI;2013;200000;47000;Petrol;Dealer;Manual;First Owner
Maruti Wagon R Duo Lxi;2010;200000;50000;LPG;Dealer;Manual;First Owner
Maruti Omni E MPI STD BS IV;2018;200000;20000;Petrol;Dealer;Manual;First Owner
Chevrolet Beat Diesel LT Option;2009;200000;57000;Diesel;Dealer;Manual;Second Owner
Maruti Swift 1.3 VXi;2009;200000;62000;Petrol;Dealer;Manual;Second Owner
Hyundai Santro GLS I - Euro II;2007;200000;85000;Petrol;Dealer;Manual;First Owner
Chevrolet Spark 1.0 PS;2010;200000;73000;Petrol;Individual;Manual;First Owner
Maruti Omni E MPI STD BS IV;2016;200000;5800;Petrol;Individual;Manual;Second Owner
Hyundai EON Era Plus;2018;200000;20000;Petrol;Individual;Manual;First Owner
Maruti Alto LXi;2007;200000;100000;Petrol;Individual;Manual;Second Owner
Ford Figo Diesel Celebration Edition;2013;200000;90000;Diesel;Individual;Manual;Second Owner
Mahindra Scorpio 2.6 CRDe;2005;200000;250000;Diesel;Individual;Manual;Second Owner
Honda Jazz Select Edition Active;2010;200000;60000;Petrol;Dealer;Manual;Second Owner
Maruti Celerio VXI;2014;200000;82000;Petrol;Dealer;Manual;Second Owner
Maruti Swift VXI BSIII;2006;200000;95149;Petrol;Dealer;Manual;Second Owner
Maruti Ritz VXi;2010;200000;42000;Petrol;Individual;Manual;First Owner
Hyundai EON D Lite;2016;200000;30000;Petrol;Individual;Manual;First Owner
Maruti Alto LXi;2009;200000;80000;Petrol;Individual;Manual;Second Owner
Hyundai EON 1.0 Era Plus;2018;200000;21302;Petrol;Individual;Manual;First Owner
Hyundai Getz 1.3 GLS;2010;200000;105546;Petrol;Individual;Manual;First Owner
Renault KWID RXL;2019;200000;40000;Petrol;Individual;Manual;First Owner
Maruti Alto LXi BSIII;2009;200000;80000;Petrol;Individual;Manual;Second Owner
Maruti Swift Dzire VDi;2009;200000;120000;Diesel;Individual;Manual;Second Owner
Honda Amaze E i-Dtech;2015;200000;104000;Diesel;Individual;Manual;Second Owner
Maruti Swift Dzire LXi;2011;200000;100000;Petrol;Individual;Manual;Second Owner
Honda City 1.3 EXI;2003;200000;132343;Petrol;Individual;Manual;Second Owner
Maruti Wagon R VXI BS IV;2007;200000;60000;Petrol;Individual;Manual;Second Owner
Maruti 800 EX;2004;200000;60000;Petrol;Individual;Manual;Third Owner
Mahindra Renault Logan 1.6 Petrol GLSX;2009;200000;30000;Petrol;Individual;Manual;Second Owner
Tata Indigo LS;2010;200000;96000;Diesel;Individual;Manual;Second Owner
Maruti Wagon R LXI;2011;200000;28481;Petrol;Dealer;Manual;First Owner
Maruti Wagon R LXI;2009;200000;30375;Petrol;Dealer;Manual;First Owner
Maruti Alto VXi;2015;200000;26134;Petrol;Dealer;Manual;First Owner
Maruti Wagon R AMT VXI;2014;200000;28942;Petrol;Dealer;Automatic;First Owner
Maruti Ritz VDi;2011;200000;52895;Diesel;Dealer;Manual;First Owner
Maruti Wagon R VXI BS IV;2014;200000;70000;Petrol;Individual;Manual;Second Owner
Maruti Wagon R VXI BS IV;2014;200000;70000;Petrol;Individual;Manual;Third Owner
Mahindra Xylo E8;2009;200000;100000;Diesel;Individual;Manual;Second Owner
Fiat 500 Lounge;2008;200000;110000;Diesel;Individual;Manual;First Owner
Fiat Grande Punto EVO 1.3 Active;2014;200000;120000;Diesel;Individual;Manual;Second Owner
Chevrolet Beat Diesel LS;2013;200000;47253;Diesel;Dealer;Manual;First Owner
Maruti Alto K10 VXI AGS;2015;200000;4432;Petrol;Dealer;Automatic;Second Owner
Tata Indica GLS BS IV;2010;200000;110000;Petrol;Individual;Manual;Second Owner
Tata Indica Vista Terra 1.4 TDI;2009;200000;70000;Diesel;Individual;Manual;Second Owner
Maruti Alto Green LXi (CNG);2010;200000;80251;CNG;Dealer;Manual;Second Owner
Hyundai i20 1.2 Era;2010;200000;34500;Petrol;Individual;Manual;Second Owner
Ford Ikon 1.4 ZXi;2000;200000;42743;Petrol;Dealer;Manual;Third Owner
Chevrolet Beat Diesel LS;2013;200000;93900;Diesel;Individual;Manual;Second Owner
Maruti Zen VXi - BS III;2004;200000;80000;Petrol;Individual;Manual;First Owner
Chevrolet Beat Diesel LS;2012;200000;110000;Diesel;Individual;Manual;First Owner
Chevrolet Optra Magnum 2.0 LT;2012;200000;25000;Diesel;Individual;Manual;First Owner
Chevrolet Optra Magnum 2.0 LT;2012;200000;25000;Diesel;Individual;Manual;First Owner
Maruti A-Star Lxi;2009;200000;25000;Petrol;Individual;Manual;First Owner
Chevrolet Spark 1.0 LT;2013;200000;10000;Petrol;Individual;Manual;First Owner
Hyundai Accent GLX;2010;200000;110000;Petrol;Individual;Manual;Second Owner
Tata Indica Vista Aqua 1.3 Quadrajet ABS BSIV;2012;200000;70000;Diesel;Individual;Manual;Second Owner
Ford Endeavour 4x2 XLT;2004;200000;120000;Diesel;Individual;Manual;First Owner
Tata Indigo CS LX (TDI) BS-III;2015;210000;68745;Diesel;Dealer;Manual;First Owner
Maruti Alto 800 LXI;2006;210000;132000;Petrol;Individual;Manual;First Owner
Tata Indigo TDI;2013;210000;100000;Diesel;Individual;Manual;First Owner
Tata Indica Vista Terra 1.4 TDI;2010;210000;80000;Diesel;Individual;Manual;First Owner
Hyundai Santro Xing XL eRLX Euro III;2006;210000;40000;Petrol;Individual;Manual;Second Owner
Maruti Wagon R LXI;2008;210000;35008;Petrol;Dealer;Manual;First Owner
Hyundai Santro Xing GLS;2009;210000;27005;Petrol;Dealer;Manual;First Owner
Maruti Zen VX;2001;210000;86000;Petrol;Individual;Manual;Second Owner
Tata Manza Aura (ABS) Quadrajet BS IV;2012;210000;80000;Diesel;Individual;Manual;Second Owner
Maruti Omni LPG STD BSIV;2006;210000;135000;LPG;Individual;Manual;Fourth & Above Owner
Maruti Zen D PS;2003;210000;120000;Diesel;Individual;Manual;Third Owner
Hyundai Santro Xing GLS;2008;210000;70000;Petrol;Individual;Manual;Third Owner
Maruti Alto 800 LXI;2015;210000;35000;Petrol;Individual;Manual;First Owner
Chevrolet Aveo U-VA 1.2 LT;2008;210000;70000;Petrol;Individual;Manual;Third Owner
Maruti Wagon R VXI;2000;210000;80000;Petrol;Individual;Manual;First Owner
Hyundai Santro Xing XO;2007;210000;58000;Petrol;Dealer;Manual;Second Owner
Datsun RediGO 1.0 S;2017;210000;15000;Petrol;Dealer;Manual;Second Owner
Honda Civic 1.8 V AT;2009;210000;63500;Petrol;Dealer;Automatic;First Owner
Chevrolet Beat Diesel;2012;210000;110000;Diesel;Individual;Manual;First Owner
Maruti Swift 1.3 VXI ABS;2006;210000;110000;Petrol;Individual;Manual;Third Owner
Maruti Alto LX;2008;210000;140000;Petrol;Individual;Manual;First Owner
Chevrolet Beat Diesel LT;2012;210000;70000;Diesel;Individual;Manual;Second Owner
Hyundai Getz 1.5 CRDi GVS;2008;210000;154000;Diesel;Individual;Manual;Third Owner
Hyundai EON Sportz;2012;210000;80000;Petrol;Individual;Manual;First Owner
Maruti Zen D PS;2003;210000;110000;Diesel;Individual;Manual;Second Owner
Chevrolet Beat LS;2010;210000;60000;Petrol;Individual;Manual;Second Owner
Hyundai i10 Era 1.1 iTech SE;2011;210000;46000;Petrol;Individual;Manual;First Owner
Tata Indigo GLX;2006;210000;40000;Petrol;Individual;Manual;Second Owner
Maruti Ritz LDi;2011;210000;80000;Diesel;Individual;Manual;First Owner
Renault KWID 1.0 RXT Optional;2018;210000;20000;Petrol;Individual;Manual;First Owner
Fiat Grande Punto Active (Diesel);2009;210000;95000;Diesel;Individual;Manual;Second Owner
Skoda Fabia 1.2 MPI Ambition Plus;2012;210000;50000;Petrol;Individual;Manual;First Owner
Volkswagen Polo Diesel Trendline 1.2L;2012;210000;90000;Diesel;Individual;Manual;First Owner
Chevrolet Aveo 1.4 LS;2010;210000;74510;Petrol;Dealer;Manual;First Owner
Chevrolet Aveo U-VA 1.2 LS;2009;210000;87293;Petrol;Dealer;Manual;First Owner
Ford Figo Diesel EXI;2012;210000;156040;Diesel;Dealer;Manual;First Owner
Hyundai EON 1.0 Kappa Magna Plus;2015;210000;80000;Petrol;Individual;Manual;Second Owner
Chevrolet Spark 1.0 LT;2011;210000;68519;Petrol;Dealer;Manual;First Owner
Chevrolet Beat Diesel LS;2012;210000;55130;Diesel;Dealer;Manual;First Owner
Ford Fiesta Diesel Trend;2012;210000;91245;Diesel;Dealer;Manual;First Owner
Maruti Zen VXI;2000;210000;120000;Petrol;Individual;Manual;First Owner
Maruti Wagon R LXI Minor;2007;210000;80000;Petrol;Individual;Manual;Second Owner
Ford Ikon 1.3 Flair;2005;220000;4637;Petrol;Individual;Manual;Second Owner
Tata Indica Vista Aqua 1.3 Quadrajet;2009;220000;120000;Diesel;Individual;Manual;Second Owner
Maruti Swift 1.3 DLX;2015;220000;40000;Diesel;Individual;Manual;Second Owner
Maruti Swift Vdi BSIII;2009;220000;220000;Diesel;Individual;Manual;First Owner
Renault KWID 1.0 RXT Optional;2018;220000;20000;Petrol;Individual;Manual;First Owner
Fiat Grande Punto Active (Diesel);2009;220000;95000;Diesel;Individual;Manual;Second Owner
Renault KWID 1.0 RXL;2017;220000;43000;Petrol;Individual;Manual;Second Owner
Hyundai i20 Magna;2010;220000;55000;Petrol;Individual;Manual;First Owner
Fiat Punto 1.3 Active;2010;220000;80000;Diesel;Individual;Manual;Second Owner
Maruti Ritz VDi;2012;220000;80000;Diesel;Individual;Manual;First Owner
Hyundai i10 Sportz 1.2;2010;220000;60000;Petrol;Individual;Manual;Third Owner
Maruti 800 Std BSIII;2003;220000;50000;Petrol;Individual;Manual;First Owner
Hyundai Santro Xing GLS;2012;220000;50000;Petrol;Individual;Manual;First Owner
Nissan Sunny XL;2012;220000;80000;Petrol;Individual;Manual;Second Owner
Maruti Swift VDI;2012;220000;156000;Diesel;Individual;Manual;First Owner
Maruti Eeco 5 Seater AC BSIV;2018;220000;25000;Petrol;Individual;Manual;First Owner
Maruti Alto LX;2004;220000;120000;Petrol;Individual;Manual;First Owner
Maruti Alto LXi;2008;220000;30000;Petrol;Individual;Manual;First Owner
Maruti Alto LXi BSIII;2008;220000;30000;Petrol;Individual;Manual;Second Owner
Maruti Alto LXi;2011;220000;78000;Petrol;Individual;Manual;First Owner
Maruti Wagon R VXI BS IV;2011;220000;40000;Petrol;Individual;Manual;Second Owner
Honda City 1.5 V MT;2009;220000;70000;Petrol;Individual;Manual;Third Owner
Honda City 1.5 V AT Exclusive;2008;220000;77000;Petrol;Individual;Automatic;Third Owner
Volkswagen Vento Diesel Highline;2011;220000;150000;Diesel;Individual;Manual;First Owner
Maruti Ritz VDi;2012;220000;120000;Diesel;Individual;Manual;Second Owner
Hyundai Getz 1.3 GLS;2008;220000;110000;Petrol;Individual;Manual;Second Owner
Mahindra Quanto C6;2013;220000;110000;Diesel;Individual;Manual;First Owner
Tata Indigo LX Dicor;2009;220000;50000;Diesel;Individual;Manual;First Owner
Honda City 1.5 S MT;2010;220000;90000;Petrol;Individual;Manual;Second Owner
Hyundai i10 Magna;2012;220000;50000;Petrol;Individual;Manual;First Owner
Chevrolet Enjoy TCDi LT 7 Seater;2014;220000;146000;Diesel;Individual;Manual;First Owner
Maruti Alto K10 VXI;2015;220000;60000;Petrol;Individual;Manual;First Owner
Tata Nano Lx;2010;220000;90000;Petrol;Individual;Manual;First Owner
Maruti Wagon R VXI BS IV;2013;220000;62000;Petrol;Individual;Manual;Second Owner
Maruti Eeco 5 STR With AC Plus HTR CNG;2010;220000;80000;CNG;Individual;Manual;Fourth & Above Owner
Maruti SX4 Vxi BSIV;2012;220000;110000;Petrol;Individual;Manual;Second Owner
Chevrolet Beat LT Option;2016;220000;41000;Petrol;Dealer;Manual;First Owner
Hyundai i10 Magna;2012;220000;49824;Petrol;Dealer;Manual;First Owner
Hyundai Santro GS;2005;220000;56580;Petrol;Dealer;Manual;First Owner
Tata Manza Aura Safire BS IV;2013;220000;60000;Petrol;Individual;Manual;First Owner
Tata Indica GLS BS IV;2008;220000;90000;Petrol;Individual;Manual;Second Owner
Tata New Safari DICOR 2.2 EX 4x2;2010;220000;250000;Diesel;Individual;Manual;Second Owner
Maruti Eeco 7 Seater Standard BSIV;2017;220000;30000;Petrol;Individual;Manual;First Owner
Hyundai EON Sportz;2012;220000;55766;Petrol;Individual;Manual;Second Owner
Maruti 800 AC BSII;2004;240000;35000;Petrol;Individual;Manual;Third Owner
Mahindra Quanto C4;2013;240000;150000;Diesel;Individual;Manual;Fourth & Above Owner
Maruti Alto STD;2009;240000;70000;Petrol;Individual;Manual;First Owner
Maruti Ritz VDi;2014;240000;115000;Diesel;Individual;Manual;First Owner
Toyota Etios VX;2012;240000;80000;Petrol;Individual;Manual;Third Owner
Volkswagen Vento Diesel Comfortline;2012;240000;97000;Diesel;Individual;Manual;First Owner
Tata New Safari DICOR 2.2 EX 4x2;2009;240000;120000;Diesel;Individual;Manual;Second Owner
Maruti Swift 1.3 VXi;2010;240000;50000;Petrol;Individual;Manual;First Owner
Maruti Alto LXi;2012;240000;40000;Petrol;Individual;Manual;Second Owner
Mahindra Renault Logan 1.5 DLE Diesel;2007;240000;110000;Diesel;Individual;Manual;Second Owner
Maruti Alto K10 LXI;2011;240000;70000;Petrol;Individual;Manual;Second Owner
Maruti Alto K10 2010-2014 VXI;2010;240000;70000;Petrol;Individual;Manual;Third Owner
Ford Ikon 1.4 TDCi DuraTorq;2009;240000;100000;Diesel;Individual;Manual;Third Owner
Maruti Alto K10 VXI Airbag;2017;240000;60000;Petrol;Individual;Manual;First Owner
Maruti Swift Dzire VDi;2009;240000;190000;Diesel;Individual;Manual;Third Owner
Hyundai i20 Asta 1.4 CRDi;2013;240000;70000;Diesel;Individual;Manual;Second Owner
Maruti Swift VDI BSIV;2011;240000;120000;Diesel;Individual;Manual;First Owner
Ford Fiesta 1.4 ZXi Leather;2007;240000;170000;Petrol;Individual;Manual;First Owner
Maruti Ertiga VDI;2013;240000;80000;Diesel;Individual;Manual;First Owner
Tata Nano Lx BSIV;2012;240000;35000;Petrol;Individual;Manual;Second Owner
Maruti Wagon R VXI BSII;2006;240000;80000;Petrol;Individual;Manual;Second Owner
Maruti Ritz VXI;2011;240000;80000;Petrol;Individual;Manual;Second Owner
Hyundai Xcent 1.2 Kappa S;2016;240000;96000;Petrol;Individual;Manual;First Owner
Tata New Safari DICOR 2.2 GX 4x2 BS IV;2012;240000;80000;Diesel;Individual;Manual;Second Owner
Renault Fluence 1.5;2012;240000;90000;Diesel;Individual;Manual;First Owner
Maruti Wagon R LXI Minor;2009;240000;70000;Petrol;Individual;Manual;First Owner
Hyundai Accent GLS 1.6 ABS;2006;240000;75000;Petrol;Individual;Manual;Third Owner
Ford Fiesta 1.4 ZXi TDCi ABS;2009;240000;100000;Diesel;Individual;Manual;Fourth & Above Owner
Hyundai EON Era Plus Option;2016;240000;30000;Petrol;Individual;Manual;Second Owner
Maruti Wagon R LXI;2005;250000;70000;Petrol;Individual;Manual;Second Owner
Maruti Alto LX;2006;250000;140300;Petrol;Individual;Manual;First Owner
Maruti Alto K10 2010-2014 VXI;2010;250000;70000;Petrol;Individual;Manual;First Owner
Mahindra Quanto C8;2013;250000;25000;Diesel;Individual;Manual;Second Owner
Maruti Wagon R LXI;2011;250000;28481;Petrol;Dealer;Manual;First Owner
Maruti Wagon R LXI;2009;250000;30375;Petrol;Dealer;Manual;First Owner
Hyundai EON 1.0 Era Plus;2012;250000;48000;Petrol;Dealer;Manual;First Owner
Maruti Wagon R AMT VXI;2014;250000;28942;Petrol;Dealer;Automatic;First Owner
Maruti Zen Estilo LXI BSIII;2007;250000;10211;Petrol;Individual;Manual;First Owner
Mahindra Scorpio 2.6 SLX Turbo 7 Seater;2005;250000;120000;Diesel;Individual;Manual;Third Owner
Nissan Sunny Diesel XL;2013;250000;90000;Diesel;Individual;Manual;Second Owner
Ford Fiesta 1.6 Duratec EXI Ltd;2008;250000;80000;Petrol;Individual;Manual;Second Owner
Hyundai Santro Xing XK;2007;250000;55000;Petrol;Individual;Manual;Second Owner
Datsun GO Plus Remix Limited Edition;2016;250000;35000;Petrol;Individual;Manual;First Owner
Hyundai i10 Magna;2008;250000;56000;Petrol;Individual;Manual;Second Owner
Ford Fiesta Classic 1.4 SXI Duratorq;2007;250000;98000;Diesel;Individual;Manual;Second Owner
Toyota Etios VD;2011;250000;135000;Diesel;Individual;Manual;Second Owner
Maruti Alto VXi;2002;250000;60000;Petrol;Individual;Manual;Third Owner
Tata Indigo LS;2010;250000;102000;Diesel;Individual;Manual;Second Owner
Maruti 800 AC;2013;250000;80000;Petrol;Individual;Manual;First Owner
Maruti Alto 800 LXI;2015;250000;32933;Petrol;Dealer;Manual;First Owner
Maruti Wagon R LXI;2008;250000;54551;Petrol;Dealer;Manual;First Owner
Maruti Omni 8 Seater BSIV;2014;250000;57112;Petrol;Dealer;Manual;First Owner
Hyundai EON Magna;2012;250000;53122;Petrol;Dealer;Manual;Second Owner
Maruti Alto 800 LXI CNG;2013;250000;64111;CNG;Dealer;Manual;First Owner
Maruti Ritz LXi;2011;250000;78892;Petrol;Dealer;Manual;First Owner
Hyundai i20 1.2 Asta;2011;250000;74113;Petrol;Dealer;Manual;First Owner
Maruti Wagon R VXI;2012;250000;80000;Petrol;Dealer;Manual;First Owner
Tata Nano LX SE;2012;250000;20778;Petrol;Dealer;Manual;First Owner
Tata Nano Twist XE;2014;250000;44416;Petrol;Dealer;Manual;First Owner
Nissan Micra Diesel XV;2011;250000;62601;Diesel;Dealer;Manual;Second Owner
Volkswagen Vento Diesel Highline;2011;250000;97000;Diesel;Individual;Manual;Third Owner
OpelCorsa 1.4 GL;2002;250000;100000;Petrol;Individual;Manual;Third Owner
Maruti 800 AC;2004;250000;69111;Petrol;Individual;Manual;Third Owner
Maruti 800 AC;2007;250000;120000;Petrol;Individual;Manual;First Owner
Tata Nano CX;2014;250000;40000;Petrol;Individual;Manual;First Owner
Mahindra Bolero DI DX 7 Seater;2001;250000;100000;Diesel;Individual;Manual;Third Owner
Maruti Alto 800 LXI;2019;250000;20000;Petrol;Individual;Manual;First Owner
Ford Figo Petrol Titanium;2015;250000;50000;Petrol;Individual;Manual;Second Owner
Tata Tiago 1.05 Revotorq XM;2017;250000;50000;Diesel;Individual;Manual;First Owner
Tata Zest Quadrajet 1.3;2016;250000;70000;Diesel;Individual;Manual;First Owner
Tata Indica Vista Aqua TDI BSIII;2008;250000;90000;Diesel;Individual;Manual;First Owner
Tata Indica Vista Aqua 1.4 TDI;2010;250000;81000;Diesel;Individual;Manual;Second Owner
Hyundai i10 Sportz 1.1L;2015;250000;40000;Petrol;Individual;Manual;First Owner
Maruti 800 Std;1998;250000;40000;Petrol;Individual;Manual;Fourth & Above Owner
Chevrolet Spark 1.0 LS;2012;250000;80000;Petrol;Individual;Manual;First Owner
Hyundai EON Era Plus;2015;250000;70000;Petrol;Individual;Manual;First Owner
Tata Indica Vista Aqua TDI BSIII;2011;250000;70000;Diesel;Individual;Manual;First Owner
Hyundai Santro LP zipPlus;2003;250000;57000;Petrol;Individual;Manual;First Owner
Tata Bolt Quadrajet XE;2016;250000;120000;Diesel;Individual;Manual;First Owner
Maruti 800 AC BSIII;2005;250000;30000;Petrol;Individual;Manual;First Owner
Hyundai EON Era Plus;2013;250000;3240;Petrol;Individual;Manual;Second Owner
Tata Manza Aura (ABS) Quadrajet BS IV;2011;250000;140000;Diesel;Individual;Manual;Second Owner
Nissan Micra Diesel XV Premium;2013;250000;13770;Diesel;Individual;Manual;First Owner
Ford Ikon 1.3 Flair;2005;250000;4637;Petrol;Individual;Manual;Second Owner
Chevrolet Beat Diesel LT;2012;250000;60000;Diesel;Individual;Manual;First Owner
Tata Indica Vista Quadrajet LX;2011;250000;80000;Diesel;Individual;Manual;First Owner
Nissan Micra XL;2014;250000;40000;Petrol;Individual;Manual;Second Owner
Chevrolet Beat Diesel LS;2013;250000;93900;Diesel;Individual;Manual;Second Owner
Maruti 800 AC;2007;250000;70000;Petrol;Individual;Manual;First Owner
Mahindra Scorpio 2.6 SLX Turbo 7 Seater;2005;250000;120000;Diesel;Individual;Manual;Third Owner
Hyundai Accent CRDi;2005;250000;120000;Diesel;Individual;Manual;Second Owner
Maruti Zen VXi - BS III;2004;250000;80000;Petrol;Individual;Manual;First Owner
Chevrolet Beat Diesel LS;2012;250000;110000;Diesel;Individual;Manual;First Owner
Maruti Zen LXi - BS III;2005;250000;34000;Petrol;Dealer;Manual;First Owner
Maruti Wagon R LXI;2001;250000;117000;Petrol;Individual;Manual;Second Owner
Hyundai EON Era Plus Option;2014;250000;55000;Petrol;Dealer;Manual;First Owner
Tata Indica GLS BS IV;2008;250000;60000;Petrol;Individual;Manual;First Owner
Chevrolet Sail Hatchback 1.3 TCDi;2015;250000;40000;Diesel;Individual;Manual;First Owner
Tata Indigo Grand Dicor;2013;250000;80000;Diesel;Individual;Manual;First Owner
Renault KWID RXT;2015;250000;20969;Petrol;Dealer;Manual;First Owner
Hyundai EON Magna;2012;250000;44588;Petrol;Dealer;Manual;First Owner
Maruti Alto K10 VXI;2015;250000;59258;Petrol;Dealer;Manual;First Owner
Maruti 800 AC;2014;250000;35000;Petrol;Individual;Manual;First Owner
Maruti Alto 800 LXI;2016;250000;25000;Petrol;Individual;Manual;First Owner
Datsun GO T BSIV;2014;250000;40000;Petrol;Individual;Manual;First Owner
Hyundai i10 Era 1.1 iTech SE;2011;250000;20000;Petrol;Individual;Manual;First Owner
Tata New Safari 3L Dicor LX 4x2;2008;250000;120000;Diesel;Individual;Manual;First Owner
Maruti Wagon R VXI Minor;2010;250000;70000;Petrol;Individual;Manual;First Owner
Hyundai EON Era Plus;2014;250000;70000;Petrol;Individual;Manual;Third Owner
Maruti Wagon R VXI BS IV;2014;250000;38000;Petrol;Individual;Manual;Second Owner
Tata Nano Twist XT;2015;250000;19000;Petrol;Individual;Manual;First Owner
Hyundai Grand i10 CRDi Asta;2015;250000;70000;Diesel;Individual;Manual;First Owner
Maruti Alto 800 LXI;2014;250000;90000;Petrol;Individual;Manual;Second Owner
Mahindra Verito 1.5 D2 BSIII;2014;250000;30000;Diesel;Individual;Manual;First Owner
Hyundai Verna 1.6 i ABS;2009;250000;60000;Petrol;Individual;Manual;First Owner
Mahindra Bolero DI;2005;250000;90000;Diesel;Individual;Manual;Second Owner
Tata Zest Revotron 1.2T XMS;2015;250000;120000;Petrol;Individual;Manual;Second Owner
Maruti 800 AC;2008;250000;70000;Petrol;Individual;Manual;Third Owner
Hyundai Santro LE zipPlus;2001;250000;70000;Petrol;Individual;Manual;First Owner
Maruti Alto LX;2007;250000;52000;Petrol;Individual;Manual;Second Owner
Maruti Wagon R VXI Optional;2017;250000;110000;Petrol;Individual;Manual;Second Owner
Tata Indigo LX Dicor;2008;250000;100000;Diesel;Individual;Manual;Third Owner
Tata Indigo LS;2012;250000;90000;Diesel;Individual;Manual;First Owner
Hyundai i10 Magna 1.1;2008;250000;90000;Petrol;Individual;Manual;First Owner
Tata Xenon XT EX 4X4;2010;250000;70000;Diesel;Individual;Manual;Second Owner
Maruti 800 AC BSII;1992;250000;100000;Petrol;Individual;Manual;Fourth & Above Owner
Chevrolet Beat LT LPG;2011;250000;110000;LPG;Individual;Manual;First Owner
Datsun GO T Option BSIV;2015;250000;25000;Petrol;Individual;Manual;First Owner
Maruti Eeco 7 Seater Standard BSIV;2018;250000;20000;Petrol;Individual;Manual;First Owner
Skoda Superb 1.8 TFSI MT;2010;250000;80000;Petrol;Individual;Manual;First Owner
Maruti Wagon R VXI Minor;2007;250000;60000;Petrol;Individual;Manual;Third Owner
Hyundai Verna SX AT Diesel;2009;250000;75000;Diesel;Dealer;Automatic;First Owner
Hyundai EON Magna Plus;2018;250000;20000;Petrol;Individual;Manual;First Owner
Tata Indigo GLE BSIII;2008;250000;42000;Petrol;Dealer;Manual;First Owner
Maruti Swift 1.3 LXI;2007;250000;80000;Petrol;Individual;Manual;Second Owner
Chevrolet Beat PS;2014;250000;77000;Petrol;Individual;Manual;First Owner
Hyundai EON 1.0 Era Plus;2017;250000;28838;Petrol;Individual;Manual;First Owner
Tata Indigo GLS;2008;250000;120000;Petrol;Individual;Manual;First Owner
Maruti Swift 1.3 LXI;2007;250000;80000;Petrol;Individual;Manual;Second Owner
Hyundai Santro Xing GLS;2007;250000;85000;Petrol;Individual;Manual;Second Owner
Honda City 1.3 EXI;1998;250000;120000;Petrol;Individual;Manual;Second Owner
Maruti Eeco Smiles 5 Seater AC;2013;250000;76600;Petrol;Dealer;Manual;First Owner
Datsun GO T BSIV;2014;250000;58000;Petrol;Individual;Manual;First Owner
Chevrolet Spark 1.0;2010;250000;80000;Petrol;Individual;Manual;Second Owner
Maruti Wagon R LX Minor;2013;250000;70000;Petrol;Individual;Manual;Second Owner
Hyundai i20 1.2 Sportz;2011;250000;97700;Petrol;Individual;Manual;Fourth & Above Owner
Tata New Safari DICOR 2.2 EX 4x2;2008;250000;90000;Diesel;Individual;Manual;Second Owner
Maruti Swift Vdi BSIII;2010;250000;120000;Diesel;Individual;Manual;Second Owner
Tata Indica GLS BS IV;2008;250000;120000;Petrol;Individual;Manual;Third Owner
Hyundai EON LPG Magna Plus;2012;250000;170000;LPG;Individual;Manual;Third Owner
Datsun RediGO T Option;2016;250000;37500;Petrol;Individual;Manual;Second Owner
Maruti 800 Std;1999;250000;50000;Petrol;Individual;Manual;Third Owner
Tata Manza Club Class Quadrajet90 EX;2012;250000;60000;Diesel;Individual;Manual;First Owner
Maruti Wagon R VXI Optional;2015;250000;40000;Petrol;Individual;Manual;First Owner
Maruti Wagon R LX Minor;2007;260000;100000;Petrol;Individual;Manual;First Owner
Ford Figo Diesel ZXI;2014;260000;100000;Diesel;Individual;Manual;Second Owner
Maruti Wagon R LX BSIII;2007;260000;110000;Petrol;Individual;Manual;First Owner
Maruti Zen VXi - BS III;2004;260000;110000;Petrol;Individual;Manual;Second Owner
Maruti Wagon R LX;2003;260000;100000;Petrol;Individual;Manual;Second Owner
Maruti Zen Estilo VXI BSIV;2010;260000;50000;Petrol;Individual;Manual;Second Owner
Mahindra Ingenio CRDe;2015;260000;210000;Diesel;Individual;Manual;First Owner
Tata Indigo TDI;2013;260000;70000;Diesel;Individual;Manual;Second Owner
Maruti Wagon R LXI Minor;2010;260000;100000;Petrol;Individual;Manual;Second Owner
Maruti SX4 ZXI MT BSIV;2011;260000;160000;Petrol;Individual;Manual;Second Owner
Chevrolet Beat Diesel LT;2013;260000;70000;Diesel;Individual;Manual;First Owner
Maruti 800 AC BSIII;2008;260000;70000;Petrol;Individual;Manual;Second Owner
Maruti Swift LXi BSIV;2009;260000;83000;Petrol;Individual;Manual;Second Owner
Toyota Innova 2.5 EV Diesel PS 7 Seater BSIII;2012;260000;250000;Diesel;Individual;Manual;First Owner
Hyundai EON Era Plus;2018;260000;30000;Petrol;Individual;Manual;First Owner
Datsun GO Plus T Option BSIV;2015;260000;21000;Petrol;Individual;Manual;First Owner
Hyundai Verna i (Petrol);2007;260000;50000;Petrol;Individual;Manual;Second Owner
Maruti Wagon R LXI Minor;2007;260000;60000;Petrol;Individual;Manual;Third Owner
Tata Indica Vista Aqua 1.4 TDI;2010;260000;90000;Diesel;Individual;Manual;Second Owner
Mahindra Xylo Celebration Edition BSIV;2010;260000;240000;Diesel;Individual;Manual;Third Owner
Maruti Wagon R LXI BS IV;2014;260000;50000;Petrol;Individual;Manual;First Owner
Hyundai Xcent 1.1 CRDi S;2016;260000;175000;Diesel;Individual;Manual;First Owner
Maruti Wagon R LXI CNG;2011;260000;60000;CNG;Individual;Manual;Second Owner
Volkswagen Vento Diesel Style Limited Edition;2011;260000;100000;Diesel;Individual;Manual;First Owner
Maruti Swift Dzire VDI;2013;260000;55000;Diesel;Individual;Manual;First Owner
Maruti Swift Star VDI;2013;260000;55000;Diesel;Individual;Manual;First Owner
Chevrolet Beat LT Option;2015;260000;60000;Petrol;Individual;Manual;First Owner
Hyundai i10 Magna 1.1 iTech SE;2015;260000;48000;Petrol;Dealer;Manual;First Owner
Chevrolet Beat LT;2010;260000;80000;Petrol;Individual;Manual;Second Owner
Renault KWID RXT;2017;260000;50000;Petrol;Individual;Manual;First Owner
Hyundai i20 1.4 CRDi Magna;2012;260000;70000;Diesel;Individual;Manual;First Owner
Tata Indigo CR4;2010;260000;80000;Diesel;Individual;Manual;Second Owner
Hyundai Santro Xing XG;2004;260000;58000;Petrol;Individual;Manual;First Owner
Hyundai Santro Xing GLS;2012;260000;45000;Petrol;Individual;Manual;Second Owner
Maruti Wagon R LXI Minor;2008;260000;50000;Petrol;Individual;Manual;First Owner
Maruti 800 AC;2002;260000;40000;Petrol;Individual;Manual;Fourth & Above Owner
Ford Fiesta 1.4 ZXi Duratec;2010;270000;110000;Petrol;Individual;Manual;First Owner
Maruti Swift 1.2 DLX;2018;270000;35000;Petrol;Individual;Manual;First Owner
Renault KWID RXT;2016;270000;40000;Petrol;Individual;Manual;First Owner
Maruti Esteem AX;1997;270000;70000;Petrol;Individual;Automatic;First Owner
Ford Fiesta Classic 1.4 SXI Duratorq;2006;270000;101100;Diesel;Individual;Manual;Third Owner
Tata Indica Vista Aqua 1.3 Quadrajet BSIV;2011;270000;66000;Diesel;Individual;Manual;First Owner
Hyundai i10 Era;2012;270000;30000;Petrol;Individual;Manual;Second Owner
Mahindra Bolero DI;2010;270000;100000;Diesel;Individual;Manual;First Owner
Honda Civic 1.8 V AT;2007;270000;60000;Petrol;Individual;Automatic;First Owner
Renault KWID RXT;2016;270000;40000;Petrol;Individual;Manual;First Owner
Tata Manza ELAN Quadrajet BS IV;2011;270000;80000;Diesel;Individual;Manual;Third Owner
Hyundai i10 Sportz AT;2011;270000;134444;Petrol;Individual;Automatic;Second Owner
Maruti Alto LXi;2009;270000;120000;Petrol;Individual;Manual;Second Owner
Nissan Micra Diesel XV Premium;2011;270000;120000;Diesel;Individual;Manual;First Owner
Maruti Wagon R LXI Minor;2008;270000;100000;Petrol;Individual;Manual;Second Owner
Honda City 1.3 DX;2003;270000;165000;Petrol;Individual;Manual;Second Owner
Tata Nano Lx BSIII;2011;270000;60000;Petrol;Individual;Manual;Second Owner
Maruti Swift ZXI ABS;2007;270000;80000;Petrol;Individual;Manual;Second Owner
Maruti Wagon R LXI BS IV;2011;270000;65000;Petrol;Dealer;Manual;First Owner
Tata Manza Aura (ABS) Quadrajet BS IV;2010;270000;150000;Diesel;Individual;Manual;Second Owner
Ford Figo Diesel Titanium;2012;270000;63700;Diesel;Individual;Manual;First Owner
Maruti 800 AC Uniq;2009;270000;30000;Petrol;Individual;Manual;Second Owner
Mahindra Scorpio VLX 2WD AT BSIV;2009;270000;155000;Diesel;Individual;Automatic;Third Owner
Maruti Alto K10 2010-2014 VXI;2012;270000;90000;Petrol;Individual;Manual;Second Owner
Tata Spacio SA 6 Seater;2009;270000;75000;Diesel;Individual;Manual;First Owner
Maruti Swift VDI BSIV;2009;270000;120000;Diesel;Individual;Manual;Second Owner
Mahindra Xylo D2;2010;270000;70000;Diesel;Individual;Manual;First Owner
Maruti Omni E MPI STD BS IV;2014;270000;60516;Petrol;Individual;Manual;First Owner
Hyundai EON Era;2011;270000;24000;Petrol;Dealer;Manual;First Owner
Nissan Micra Active XV;2014;270000;63840;Petrol;Dealer;Manual;First Owner
Renault KWID 1.0 RXT Optional;2017;280000;36000;Petrol;Individual;Manual;First Owner
Tata Indica Vista Terra Quadrajet 1.3L BS IV;2010;280000;87000;Diesel;Individual;Manual;First Owner
Tata Indica Vista Terra 1.4 TDI;2011;280000;80000;Diesel;Individual;Manual;First Owner
Maruti 800 Std;2013;280000;60000;Petrol;Individual;Manual;First Owner
Renault KWID RXT;2015;280000;50000;Petrol;Individual;Manual;First Owner
Maruti Swift Dzire VDI;2014;280000;40000;Diesel;Individual;Manual;Third Owner
Hyundai i10 Magna 1.1;2008;280000;60000;Petrol;Individual;Manual;Second Owner
Mahindra Quanto C8;2012;280000;80000;Diesel;Individual;Manual;First Owner
Mahindra Xylo E9;2012;280000;295000;Diesel;Individual;Manual;First Owner
Hyundai EON Era Plus;2015;280000;80000;Petrol;Individual;Manual;First Owner
Tata Indigo CR4;2012;280000;158000;Diesel;Individual;Manual;Third Owner
Maruti Omni MPI STD BSIV;2015;280000;70000;Petrol;Individual;Manual;First Owner
Hyundai i10 Era;2009;280000;50000;Petrol;Individual;Manual;First Owner
Ford Figo Diesel EXI;2011;280000;55130;Diesel;Dealer;Manual;Second Owner
Chevrolet Spark 1.0 LT;2010;280000;15000;Petrol;Individual;Manual;First Owner
Tata Tiago 1.2 Revotron XE;2017;280000;50000;Petrol;Individual;Manual;First Owner
Toyota Etios Liva VX;2012;280000;70000;Petrol;Individual;Manual;Second Owner
Maruti Alto K10 VXI;2018;280000;20000;Petrol;Individual;Manual;First Owner
Chevrolet Beat LS;2011;280000;60000;Petrol;Individual;Manual;Third Owner
Hyundai i10 Magna 1.1L;2014;280000;38500;Petrol;Individual;Manual;First Owner
Hyundai i10 Sportz;2011;280000;25000;Petrol;Individual;Manual;First Owner
Ford Classic 1.4 Duratorq LXI;2013;280000;35000;Diesel;Individual;Manual;First Owner
Hyundai Verna 1.6 VTVT;2012;280000;40000;Petrol;Individual;Manual;First Owner
Chevrolet Aveo U-VA 1.2;2007;280000;110000;Petrol;Individual;Manual;Second Owner
Chevrolet Beat Diesel LT;2013;280000;20000;Diesel;Individual;Manual;Third Owner
Hyundai EON Magna Plus;2012;280000;14987;Petrol;Dealer;Manual;First Owner
Ford Figo Diesel EXI;2014;280000;89741;Diesel;Dealer;Manual;Second Owner
Tata New Safari DICOR 2.2 VX 4x2;2010;280000;34500;Diesel;Individual;Manual;First Owner
Maruti Wagon R LXI CNG;2010;280000;80000;CNG;Individual;Manual;Second Owner
Maruti Alto 800 LXI;2014;280000;61000;Petrol;Individual;Manual;First Owner
Fiat Grande Punto EVO 90HP 1.3 Sport;2014;280000;90000;Diesel;Individual;Manual;First Owner
Hyundai EON D Lite;2016;280000;25000;Petrol;Individual;Manual;First Owner
Maruti Wagon R VXI Minor;2009;280000;50000;Petrol;Individual;Manual;Second Owner
Fiat Grande Punto Emotion 90Hp;2013;280000;80000;Diesel;Individual;Manual;First Owner
Maruti Alto LXi;2007;280000;85000;Petrol;Individual;Manual;Second Owner
Maruti 800 AC;2006;280000;70000;Petrol;Individual;Manual;Second Owner
Hyundai EON Magna Plus;2013;280000;40000;Petrol;Individual;Manual;Second Owner
Ford Figo Diesel Titanium;2011;280000;120000;Diesel;Individual;Manual;Second Owner
Honda City 1.5 EXI;2004;290000;110000;Petrol;Individual;Manual;Third Owner
Fiat Linea 1.3 Emotion;2014;290000;131365;Diesel;Individual;Manual;First Owner
Chevrolet Spark 1.0 LS;2009;290000;60000;Petrol;Individual;Manual;Third Owner
Hyundai Santro Xing GLS;2009;290000;70000;Petrol;Individual;Manual;Fourth & Above Owner
Chevrolet Beat Diesel LT;2012;290000;98900;Diesel;Individual;Manual;Third Owner
Chevrolet Beat Diesel LT;2012;290000;125000;Diesel;Individual;Manual;First Owner
Maruti Zen Estilo LXI Green (CNG);2010;290000;80000;CNG;Individual;Manual;Fourth & Above Owner
Tata Winger Deluxe - Hi Roof (AC);2011;290000;180000;Diesel;Individual;Manual;Third Owner
Datsun RediGO AMT 1.0 S;2018;290000;25000;Petrol;Individual;Automatic;First Owner
Maruti Zen LX;1999;290000;70000;Petrol;Individual;Manual;Fourth & Above Owner
Tata Indigo CR4;2013;290000;100000;Diesel;Individual;Manual;First Owner
Hyundai Santro Xing XL eRLX Euro III;2005;290000;90000;Petrol;Dealer;Manual;Second Owner
Maruti 800 AC;1999;290000;100000;Petrol;Individual;Manual;Second Owner
Hyundai Getz 1.5 CRDi GVS;2008;290000;60208;Diesel;Dealer;Manual;First Owner
Chevrolet Aveo U-VA 1.2 LS;2008;290000;80000;Petrol;Individual;Manual;First Owner
Maruti Zen Estilo 1.1 LXI BSIII;2007;290000;90000;Petrol;Individual;Manual;Second Owner
Chevrolet Spark 1.0 LT;2012;290000;28000;Petrol;Individual;Manual;First Owner
Maruti Alto LX;2000;290000;90000;Petrol;Individual;Manual;Second Owner
Hyundai Santro Xing XS;2009;290000;100000;Petrol;Individual;Manual;Second Owner
Tata Indigo CR4;2013;290000;100000;Diesel;Individual;Manual;First Owner
Hyundai Getz GLX;2007;290000;90000;Petrol;Individual;Manual;First Owner
Tata Indica GLS BS IV;2010;290000;300000;Petrol;Individual;Manual;Third Owner
Hyundai Santro LS zipPlus;2003;290000;60000;Petrol;Individual;Manual;First Owner
Maruti Wagon R LXI;2004;290000;90000;Petrol;Individual;Manual;Fourth & Above Owner
Chevrolet Sail Hatchback LT ABS;2013;290000;80000;Diesel;Individual;Manual;First Owner
Honda City 1.3 EXI;2002;290000;100000;Petrol;Individual;Manual;First Owner
Maruti Alto LX BSIII;2008;290000;120000;Petrol;Individual;Manual;Second Owner
Hyundai Santro Xing GL;2008;300000;67000;Petrol;Individual;Manual;First Owner
Hyundai i10 Sportz;2011;300000;30000;Petrol;Individual;Manual;First Owner
Hyundai Xcent 1.1 CRDi Base;2017;300000;80000;Diesel;Individual;Manual;First Owner
Tata Indigo CS eLS BS IV;2011;300000;120000;Diesel;Individual;Manual;First Owner
Ford Fiesta 1.4 SXi TDCi ABS;2008;300000;120000;Diesel;Individual;Manual;Second Owner
Hyundai Accent CRDi;2004;300000;120000;Diesel;Individual;Manual;Second Owner
Maruti Alto LXi BSIII;2010;300000;73350;Petrol;Dealer;Manual;First Owner
Maruti Swift Vdi BSIII;2009;300000;120000;Diesel;Individual;Manual;Second Owner
Ford Figo Diesel Titanium;2012;300000;180000;Diesel;Individual;Manual;First Owner
Fiat Palio 1.2 Sport;2007;300000;50000;Petrol;Individual;Manual;Second Owner
Tata Manza Aqua Quadrajet BS IV;2010;300000;80000;Diesel;Individual;Manual;First Owner
Mahindra Verito 1.5 D2 BSIII;2011;300000;280000;Diesel;Individual;Manual;First Owner
Maruti Swift Dzire LDi;2010;300000;110000;Diesel;Individual;Manual;Third Owner
Maruti Zen LX;2000;300000;80000;Petrol;Individual;Manual;Second Owner
Maruti Alto LXi BSIII;2010;300000;52000;Petrol;Individual;Manual;Second Owner
Maruti Alto 800 LXI;2018;300000;17000;Petrol;Individual;Manual;First Owner
Chevrolet Beat LS;2016;300000;70000;Petrol;Individual;Manual;Third Owner
Maruti Zen LX;2001;300000;97000;Petrol;Individual;Manual;Fourth & Above Owner
Ford Figo Diesel ZXI;2012;300000;125000;Diesel;Individual;Manual;Second Owner
Tata Indica GLS BS IV;2010;300000;300000;Petrol;Individual;Manual;Third Owner
Fiat Punto 1.3 Emotion;2010;300000;75000;Diesel;Individual;Manual;Third Owner
Tata Indigo Grand Petrol;2014;300000;60000;Petrol;Individual;Manual;Second Owner
Chevrolet Sail 1.2 Base;2015;300000;35000;Petrol;Individual;Manual;First Owner
Tata Indigo Grand Petrol;2014;300000;100000;Petrol;Individual;Manual;First Owner
Maruti Wagon R LXI;2004;300000;90000;Petrol;Individual;Manual;Fourth & Above Owner
Chevrolet Sail Hatchback LT ABS;2013;300000;80000;Diesel;Individual;Manual;First Owner
Honda City 1.3 EXI;2002;300000;100000;Petrol;Individual;Manual;First Owner
Maruti Alto LX BSIII;2008;300000;120000;Petrol;Individual;Manual;Second Owner
Hyundai EON Era Plus Sports Edition;2014;300000;55000;Petrol;Individual;Manual;First Owner
Maruti Alto LXi;2011;300000;40000;Petrol;Individual;Manual;Second Owner
Ambassador CLASSIC 1500 DSL AC;2005;300000;50000;Diesel;Individual;Manual;Second Owner
Fiat Linea T Jet Emotion;2010;300000;90000;Petrol;Individual;Manual;Second Owner
Maruti 800 AC Uniq;2005;300000;70000;Petrol;Individual;Manual;Second Owner
Maruti Wagon R LXI Minor;2008;300000;90000;Petrol;Individual;Manual;Second Owner
Maruti Wagon R VXI BS IV;2010;300000;50000;Petrol;Individual;Manual;Second Owner
Maruti Wagon R VXI BSIII;2012;300000;40000;Petrol;Individual;Manual;Second Owner
Toyota Corolla H2;2005;300000;100000;Petrol;Individual;Manual;Fourth & Above Owner
Maruti Ritz VDi;2012;300000;110000;Diesel;Individual;Manual;Fourth & Above Owner
Nissan Micra Diesel XV;2013;300000;90000;Diesel;Individual;Manual;First Owner
Hyundai Verna SX AT Diesel;2009;300000;75000;Diesel;Dealer;Automatic;First Owner
Hyundai EON Magna Plus;2018;300000;20000;Petrol;Individual;Manual;First Owner
Maruti Zen LX - BS III;2006;300000;105700;Petrol;Individual;Manual;First Owner
Chevrolet Spark 1.0;2010;300000;70000;Petrol;Individual;Manual;First Owner
Maruti Esteem Lxi - BSIII;2005;300000;24000;Petrol;Individual;Manual;First Owner
Maruti Alto K10 VXI Optional;2014;300000;64000;Petrol;Dealer;Manual;Second Owner
Tata Indigo TDI;2009;300000;120000;Diesel;Individual;Manual;Third Owner
Maruti Alto LXi;2011;300000;37091;Petrol;Individual;Manual;First Owner
Maruti Wagon R LXI Minor;2008;300000;110000;Petrol;Individual;Manual;Third Owner
Volkswagen Vento Diesel Trendline;2011;300000;100000;Diesel;Individual;Manual;Second Owner
Tata Indica Vista Quadrajet LS;2012;300000;140000;Diesel;Individual;Manual;First Owner
Renault KWID RXT;2017;300000;20000;Petrol;Individual;Manual;First Owner
Hyundai i10 Magna;2011;300000;28000;Petrol;Dealer;Manual;First Owner
Maruti Wagon R VXI Minor;2012;300000;25000;Petrol;Individual;Manual;First Owner
Ford Figo Petrol ZXI;2012;300000;30000;Petrol;Individual;Manual;Third Owner
Hyundai i10 Sportz 1.1L;2014;300000;37555;Petrol;Dealer;Manual;First Owner
Maruti Alto 800 VXI;2019;300000;5000;Petrol;Individual;Manual;First Owner
Chevrolet Sail 1.2 Base;2014;300000;100000;Petrol;Individual;Manual;Second Owner
Toyota Etios Liva GD SP;2012;300000;120000;Diesel;Individual;Manual;First Owner
Maruti Swift VXI BSIII;2009;300000;67580;Petrol;Individual;Manual;Second Owner
Hyundai Santro Xing GLS;2009;300000;100000;Petrol;Individual;Manual;Third Owner
Maruti Esteem Lxi;2004;300000;60000;Petrol;Individual;Manual;First Owner
Ford Figo Diesel Titanium;2014;300000;125000;Diesel;Individual;Manual;Second Owner
Hyundai Verna CRDi SX;2010;300000;130000;Diesel;Individual;Manual;Second Owner
Maruti 800 AC;2009;300000;250000;Petrol;Individual;Manual;Second Owner
Mahindra Verito Vibe 1.5 dCi D6;2015;300000;40000;Diesel;Individual;Manual;First Owner
Nissan Sunny XL D;2013;300000;78000;Diesel;Dealer;Manual;First Owner
Honda Brio S MT;2013;300000;57353;Petrol;Trustmark Dealer;Manual;First Owner
Maruti Alto LXi;2008;300000;100000;Petrol;Individual;Manual;First Owner
Tata Manza Aura Safire BS IV;2013;300000;60000;Petrol;Individual;Manual;First Owner
Tata Tiago 1.05 Revotorq XM;2017;300000;50000;Diesel;Individual;Manual;First Owner
Mahindra Bolero Power Plus Plus AC BSIV PS;2015;300000;90000;Diesel;Individual;Manual;Third Owner
Maruti Eeco 5 Seater AC BSIV;2017;300000;30000;Petrol;Dealer;Manual;First Owner
Tata Indica Vista Quadrajet LS;2012;300000;140000;Diesel;Individual;Manual;First Owner
Hyundai Verna SX;2007;300000;65000;Petrol;Dealer;Manual;First Owner
Hyundai Verna i (Petrol);2007;300000;50000;Petrol;Individual;Manual;Second Owner
Hyundai Santro Xing XO;2006;300000;110000;Petrol;Individual;Manual;First Owner
Maruti SX4 Celebration Petrol;2012;300000;90000;Petrol;Individual;Manual;Second Owner
Maruti Alto 800 LXI;2018;300000;30000;Petrol;Dealer;Manual;First Owner
Tata Indica Vista Aqua 1.2 Safire BSIV;2010;300000;128000;Petrol;Individual;Manual;First Owner
Tata Indigo CR4;2012;300000;120000;Diesel;Individual;Manual;First Owner
Hyundai i10 Magna;2012;300000;40000;Petrol;Dealer;Manual;First Owner
Hyundai EON Magna Plus;2015;300000;32000;Petrol;Dealer;Manual;First Owner
Maruti Swift 1.3 VXi;2009;300000;52536;Petrol;Individual;Manual;First Owner
Maruti Ritz VXI;2009;300000;80000;Petrol;Individual;Manual;First Owner
Maruti Zen LXI;2003;300000;60000;Petrol;Individual;Manual;Fourth & Above Owner
Mahindra Scorpio 2.6 CRDe;2006;300000;50000;Diesel;Individual;Manual;Second Owner
Hyundai Santro Xing XS;2008;300000;90000;Petrol;Individual;Manual;Second Owner
Hyundai EON Era Plus;2015;300000;25000;Petrol;Individual;Manual;First Owner
Fiat Linea Emotion (Diesel);2011;300000;60000;Diesel;Individual;Manual;First Owner
Tata Indica LSI;2005;300000;140000;Petrol;Individual;Manual;Third Owner
Chevrolet Sail 1.3 LS;2013;300000;56000;Diesel;Dealer;Manual;First Owner
Hyundai Verna CRDi SX;2007;300000;58000;Diesel;Dealer;Manual;Second Owner
Chevrolet Beat Diesel LT;2011;300000;56000;Diesel;Dealer;Manual;Second Owner
Hyundai Accent Executive CNG;2010;300000;110000;CNG;Individual;Manual;First Owner
Skoda Octavia Ambiente 1.9 TDI MT;2002;300000;116000;Diesel;Individual;Manual;Second Owner
Maruti Wagon R LXI Minor;2009;300000;30000;Petrol;Individual;Manual;First Owner
Maruti Swift Vdi BSIII;2009;300000;109000;Diesel;Individual;Manual;Second Owner
Tata Nano Cx BSIII;2014;300000;7000;Petrol;Individual;Manual;Second Owner
Tata Indigo LX;2012;300000;120000;Diesel;Individual;Manual;First Owner
Renault KWID 1.0 RXL;2018;300000;50852;Petrol;Individual;Manual;First Owner
Renault KWID RXT Optional;2016;300000;30000;Petrol;Individual;Manual;First Owner
Nissan Sunny XL;2012;300000;70000;Petrol;Individual;Manual;Third Owner
Hyundai EON Era Plus;2013;300000;53500;Petrol;Individual;Manual;Third Owner
Tata Indigo Grand Dicor;2014;300000;120000;Diesel;Individual;Manual;First Owner
Maruti Swift VDI;2007;300000;50000;Diesel;Dealer;Manual;First Owner
Maruti Alto LX;2011;300000;50000;Petrol;Individual;Manual;First Owner
Maruti Wagon R LXI Minor;2007;300000;49000;Petrol;Dealer;Manual;First Owner
Renault KWID RXT;2015;300000;14365;Petrol;Dealer;Manual;First Owner
Maruti SX4 Zxi BSIII;2007;300000;80000;Petrol;Individual;Manual;Third Owner
Maruti Swift Dzire VDi;2010;300000;120000;Diesel;Individual;Manual;Third Owner
Hyundai EON Era Plus;2013;300000;80000;Petrol;Individual;Manual;Third Owner
Toyota Qualis FS B3;2001;300000;256000;Diesel;Dealer;Manual;First Owner
Mahindra Scorpio VLX 2WD BSIII;2008;300000;120000;Diesel;Individual;Manual;First Owner
Hyundai Santro Xing XG AT;2004;300000;70000;Petrol;Individual;Automatic;Second Owner
Tata Indica V2 DLS BSII;2010;300000;100000;Diesel;Individual;Manual;Third Owner
Tata Indigo Classic Dicor;2014;300000;80000;Diesel;Individual;Manual;Third Owner
Hyundai Santro Xing GL Plus;2013;300000;49000;Petrol;Individual;Manual;First Owner
Tata Sumo GX TC 7 Str BSIII;2006;300000;100000;Diesel;Individual;Manual;Second Owner
Honda Jazz S;2009;300000;50000;Petrol;Individual;Manual;First Owner
Honda City 1.5 GXI;2007;300000;115000;Petrol;Dealer;Manual;Second Owner
Hyundai Santro Xing GL Plus;2013;300000;49000;Petrol;Individual;Manual;First Owner
Tata Sumo GX TC 7 Str BSIII;2006;300000;100000;Diesel;Individual;Manual;Second Owner
Honda Jazz S;2009;300000;50000;Petrol;Individual;Manual;First Owner
Honda City 1.5 GXI;2007;300000;115000;Petrol;Dealer;Manual;Second Owner
Ford Fiesta 1.6 ZXi Duratec;2009;300000;58000;Petrol;Individual;Manual;Third Owner
Tata Indigo CS LS (TDI) BS-III;2015;300000;110000;Diesel;Individual;Manual;Second Owner
Hyundai i10 Sportz 1.2;2010;300000;100000;Petrol;Individual;Manual;Second Owner
Hyundai i10 Sportz 1.2;2010;300000;110000;Petrol;Individual;Manual;Second Owner
Maruti Alto LXi;2011;300000;40000;Petrol;Individual;Manual;First Owner
Maruti Wagon R LX Minor;2013;300000;52000;Petrol;Individual;Manual;First Owner
Hyundai Santro Xing XS eRLX Euro III;2006;300000;52000;Petrol;Individual;Manual;Second Owner
Maruti Alto LXI;2005;300000;124000;Petrol;Individual;Manual;Second Owner
Fiat Punto 1.3 Emotion;2010;300000;210000;Diesel;Individual;Manual;Second Owner
Hyundai Santro AT;2006;300000;66000;Petrol;Individual;Automatic;Second Owner
Maruti Alto LX BSIII;2008;300000;120000;Petrol;Individual;Manual;Third Owner
Maruti 800 Std;2004;300000;90000;Petrol;Individual;Manual;Second Owner
Maruti Ritz VDi;2011;300000;120000;Diesel;Individual;Manual;Second Owner
Nissan Sunny Diesel XL;2012;300000;110000;Diesel;Individual;Manual;First Owner
Hyundai Santro GS;2005;300000;56580;Petrol;Dealer;Manual;First Owner
Hyundai Santro Xing XG;2005;300000;68500;Petrol;Dealer;Manual;First Owner
Nissan Micra Active XV S;2013;300000;30000;Petrol;Individual;Manual;First Owner
Honda City 1.5 V AT;2008;300000;70000;Petrol;Individual;Automatic;First Owner
Maruti Alto LXI;2005;300000;23000;Petrol;Individual;Manual;Second Owner
Hyundai Verna 1.6 VTVT;2010;300000;38000;Petrol;Dealer;Manual;First Owner
Maruti Ritz VDi;2011;300000;40000;Diesel;Individual;Manual;Second Owner
Hyundai i10 Sportz 1.2;2011;300000;43100;Petrol;Dealer;Manual;First Owner
Maruti Alto 800 LXI;2018;300000;35000;Petrol;Individual;Manual;First Owner
Chevrolet Spark 1.0 LT BS3;2013;300000;60000;Petrol;Individual;Manual;Second Owner
Maruti Alto STD;2005;300000;50000;Petrol;Individual;Manual;Second Owner
Maruti Alto LX;2008;300000;66782;Petrol;Individual;Manual;Second Owner
Maruti Alto LX;2006;300000;130000;Petrol;Individual;Manual;First Owner
Maruti 800 AC;2014;300000;75000;Petrol;Individual;Manual;Second Owner
Maruti Alto 800 Base;2015;300000;40000;Petrol;Individual;Manual;First Owner
Maruti Alto LXi;2000;300000;90000;Petrol;Individual;Manual;Second Owner
Honda City 1.5 GXI;2005;300000;150000;Petrol;Individual;Manual;Third Owner
Tata Nano XM;2015;300000;60000;Petrol;Individual;Manual;Second Owner
Mahindra Verito 1.5 D6 BSIII;2012;300000;112198;Diesel;Individual;Manual;Second Owner
Tata Manza Aura Safire BS IV;2010;300000;60000;Petrol;Individual;Manual;Second Owner
Tata Indica Vista Aqua 1.4 TDI;2010;300000;130000;Diesel;Individual;Manual;Second Owner
Maruti Ritz VDi;2012;300000;90000;Diesel;Individual;Manual;Second Owner
Maruti 800 AC BSIII;2009;300000;83000;Petrol;Individual;Manual;Second Owner
Renault KWID RXT;2016;300000;40000;Petrol;Individual;Manual;First Owner
